province,centre,ct_id,dwelling_type,vacancy_bachelor,reliability_bachelor,vacancy_1br,reliability_1br,vacancy_2br,reliability_2br,vacancy_3br_plus,reliability_3br_plus,vacancy_total,reliability_total,vacancy_bachelor_pct,vacancy_1br_pct,vacancy_2br_pct,vacancy_3br_plus_pct,vacancy_total_pct
Man.,Winnipeg,0001.00,Apt & Other,**,',0.0%,d,0.0%,d,--,',0.0%,d,,0.0,0.0,,0.0
Man.,Winnipeg,0002.00,Apt & Other,**,',0.0%,d,**,',**,',0.2%,b,,0.0,,,0.2
Man.,Winnipeg,0003.00,Apt & Other,0.0%,d,1.2%,a,0.0%,d,**,',0.8%,a,0.0,1.2,0.0,,0.8
Man.,Winnipeg,0004.01,Apt & Other,**,',**,',**,',**,',**,',,,,,
Man.,Winnipeg,0004.02,Apt & Other,**,',**,',0.4%,b,**,',0.7%,b,,,0.4,,0.7
Man.,Winnipeg,0005.00,Apt & Other,--,,--,,--,,--,,--,,,,,,
Man.,Winnipeg,0006.00,Apt & Other,--,',**,',**,',**,',**,',,,,,
Man.,Winnipeg,0007.00,Apt & Other,--,',**,',0.0%,d,**,',**,',,,0.0,,
Man.,Winnipeg,0008.00,Apt & Other,--,',**,',**,',--,',**,',,,,,
Man.,Winnipeg,0009.00,Apt & Other,--,,--,,--,,--,,--,,,,,,
Man.,Winnipeg,0010.00,Apt & Other,**,',0.0%,d,**,',**,',**,',,0.0,,,
Man.,Winnipeg,0011.00,Apt & Other,0.0%,d,1.6%,c,2.7%,c,**,',2.0%,c,0.0,1.6,2.7,,2.0
Man.,Winnipeg,0012.00,Apt & Other,**,',0.1%,b,0.3%,b,0.0%,d,0.3%,a,,0.1,0.3,0.0,0.3
Man.,Winnipeg,0013.00,Apt & Other,2.6%,b,3.2%,a,7.0%,a,**,',3.6%,a,2.6,3.2,7.0,,3.6
Man.,Winnipeg,0014.00,Apt & Other,5.5%,d,3.2%,b,2.7%,b,**,',3.4%,c,5.5,3.2,2.7,,3.4
Man.,Winnipeg,0015.00,Apt & Other,3.5%,d,3.3%,c,4.2%,d,4.3%,d,3.6%,b,3.5,3.3,4.2,4.3,3.6
Man.,Winnipeg,0016.00,Apt & Other,**,',0.0%,d,**,',**,',**,',,0.0,,,
Man.,Winnipeg,0017.00,Apt & Other,**,',**,',**,',**,',0.6%,b,,,,,0.6
Man.,Winnipeg,0018.00,Apt & Other,**,',**,',**,',**,',**,',,,,,
Man.,Winnipeg,0019.00,Apt & Other,--,',**,',**,',--,',**,',,,,,
Man.,Winnipeg,0020.00,Apt & Other,--,',**,',**,',--,',**,',,,,,
Man.,Winnipeg,0021.00,Apt & Other,**,',**,',**,',**,',4.5%,d,,,,,4.5
Man.,Winnipeg,0022.00,Apt & Other,**,',**,',**,',**,',**,',,,,,
Man.,Winnipeg,0023.00,Apt & Other,4.8%,b,3.8%,a,3.6%,a,**,',4.0%,a,4.8,3.8,3.6,,4.0
Man.,Winnipeg,0024.00,Apt & Other,**,',4.1%,a,5.5%,a,--,',4.9%,a,,4.1,5.5,,4.9
Man.,Winnipeg,0025.00,Apt & Other,**,',**,',**,',**,',**,',,,,,
Man.,Winnipeg,0026.00,Apt & Other,**,',**,',**,',**,',**,',,,,,
Man.,Winnipeg,0027.00,Apt & Other,--,',**,',**,',--,',**,',,,,,
Man.,Winnipeg,0028.00,Apt & Other,**,',**,',**,',**,',**,',,,,,
Man.,Winnipeg,0029.00,Apt & Other,**,',0.0%,d,**,',**,',0.0%,d,,0.0,,,0.0
Man.,Winnipeg,0030.00,Apt & Other,**,',**,',**,',--,',**,',,,,,
Man.,Winnipeg,0031.00,Apt & Other,--,,--,,--,,--,,--,,,,,,
Man.,Winnipeg,0032.00,Apt & Other,**,',**,',**,',**,',**,',,,,,
Man.,Winnipeg,0033.00,Apt & Other,--,,--,,--,,--,,--,,,,,,
Man.,Winnipeg,0034.00,Apt & Other,--,',**,',**,',**,',**,',,,,,
Man.,Winnipeg,0035.00,Apt & Other,**,',**,',**,',**,',**,',,,,,
Man.,Winnipeg,0036.00,Apt & Other,**,',**,',**,',--,',**,',,,,,
Man.,Winnipeg,0037.00,Apt & Other,--,,--,,--,,--,,--,,,,,,
Man.,Winnipeg,0038.00,Apt & Other,**,',3.7%,d,5.2%,d,**,',3.9%,d,,3.7,5.2,,3.9
Man.,Winnipeg,0039.00,Apt & Other,**,',**,',0.0%,d,**,',**,',,,0.0,,
Man.,Winnipeg,0040.00,Apt & Other,--,',**,',**,',--,',**,',,,,,
Man.,Winnipeg,0041.00,Apt & Other,8.5%,a,**,',**,',**,',**,',8.5,,,,
Man.,Winnipeg,0042.00,Apt & Other,**,',**,',**,',--,',**,',,,,,
Man.,Winnipeg,0043.00,Apt & Other,**,',**,',**,',**,',**,',,,,,
Man.,Winnipeg,0044.00,Apt & Other,--,',**,',**,',--,',**,',,,,,
Man.,Winnipeg,0045.00,Apt & Other,**,',**,',**,',**,',**,',,,,,
Man.,Winnipeg,0046.00,Apt & Other,**,',9.6%,c,**,',**,',7.9%,c,,9.6,,,7.9
Man.,Winnipeg,0047.00,Apt & Other,--,',2.5%,a,**,',--,',1.6%,b,,2.5,,,1.6
Man.,Winnipeg,0048.00,Apt & Other,**,',**,',**,',--,',**,',,,,,
Man.,Winnipeg,0049.00,Apt & Other,**,',**,',**,',--,',**,',,,,,
Man.,Winnipeg,0050.01,Apt & Other,--,',**,',**,',--,',**,',,,,,
Man.,Winnipeg,0050.02,Apt & Other,**,',**,',**,',--,',**,',,,,,
Man.,Winnipeg,0051.01,Apt & Other,**,',1.7%,a,1.6%,a,**,',1.4%,a,,1.7,1.6,,1.4
Man.,Winnipeg,0051.02,Apt & Other,--,,--,,--,,--,,--,,,,,,
Man.,Winnipeg,0051.03,Apt & Other,--,',**,',**,',**,',**,',,,,,
Man.,Winnipeg,0052.00,Apt & Other,--,,--,,--,,--,,--,,,,,,
Man.,Winnipeg,0100.01,Apt & Other,--,',**,',**,',--,',**,',,,,,
Man.,Winnipeg,0100.02,Apt & Other,--,,--,,--,,--,,--,,,,,,
Man.,Winnipeg,0100.05,Apt & Other,--,',**,',**,',--,',**,',,,,,
Man.,Winnipeg,0100.06,Apt & Other,--,',1.4%,a,**,',**,',0.5%,b,,1.4,,,0.5
Man.,Winnipeg,0100.07,Apt & Other,--,',**,',**,',**,',**,',,,,,
Man.,Winnipeg,0100.09,Apt & Other,--,,--,,--,,--,,--,,,,,,
Man.,Winnipeg,0100.10,Apt & Other,--,',**,',**,',--,',**,',,,,,
Man.,Winnipeg,0101.01,Apt & Other,**,',0.7%,b,0.4%,b,**,',0.5%,b,,0.7,0.4,,0.5
Man.,Winnipeg,0101.02,Apt & Other,--,,--,,--,,--,,--,,,,,,
Man.,Winnipeg,0102.01,Apt & Other,--,',**,',**,',**,',**,',,,,,
Man.,Winnipeg,0102.02,Apt & Other,**,',3.3%,d,0.0%,d,**,',1.7%,c,,3.3,0.0,,1.7
Man.,Winnipeg,0102.03,Apt & Other,**,',**,',**,',**,',**,',,,,,
Man.,Winnipeg,0102.04,Apt & Other,**,',0.0%,a,0.6%,a,0.0%,a,0.3%,a,,0.0,0.6,0.0,0.3
Man.,Winnipeg,0103.00,Apt & Other,**,',**,',**,',--,',**,',,,,,
Man.,Winnipeg,0104.00,Apt & Other,**,',**,',0.5%,a,**,',0.4%,a,,,0.5,,0.4
Man.,Winnipeg,0105.00,Apt & Other,**,',**,',**,',**,',**,',,,,,
Man.,Winnipeg,0110.01,Apt & Other,**,',0.0%,a,0.2%,a,**,',0.2%,a,,0.0,0.2,,0.2
Man.,Winnipeg,0110.02,Apt & Other,--,',**,',**,',--,',**,',,,,,
Man.,Winnipeg,0110.04,Apt & Other,**,',**,',**,',**,',**,',,,,,
Man.,Winnipeg,0110.06,Apt & Other,--,',**,',**,',--,',**,',,,,,
Man.,Winnipeg,0110.08,Apt & Other,**,',**,',0.2%,a,**,',0.1%,a,,,0.2,,0.1
Man.,Winnipeg,0110.09,Apt & Other,**,',**,',**,',**,',**,',,,,,
Man.,Winnipeg,0111.00,Apt & Other,**,',**,',**,',--,',**,',,,,,
Man.,Winnipeg,0112.01,Apt & Other,**,',**,',**,',--,',**,',,,,,
Man.,Winnipeg,0112.02,Apt & Other,**,',**,',**,',**,',**,',,,,,
Man.,Winnipeg,0113.00,Apt & Other,**,',0.0%,d,**,',**,',0.7%,b,,0.0,,,0.7
Man.,Winnipeg,0114.00,Apt & Other,**,',**,',**,',**,',**,',,,,,
Man.,Winnipeg,0115.00,Apt & Other,**,',0.0%,d,0.0%,d,**,',0.0%,d,,0.0,0.0,,0.0
Man.,Winnipeg,0116.00,Apt & Other,0.0%,d,**,',0.0%,d,**,',0.5%,b,0.0,,0.0,,0.5
Man.,Winnipeg,0117.00,Apt & Other,**,',0.0%,d,**,',**,',**,',,0.0,,,
Man.,Winnipeg,0120.01,Apt & Other,--,',**,',**,',**,',**,',,,,,
Man.,Winnipeg,0120.03,Apt & Other,--,',**,',**,',**,',**,',,,,,
Man.,Winnipeg,0120.04,Apt & Other,--,,--,,--,,--,,--,,,,,,
Man.,Winnipeg,0120.05,Apt & Other,**,',--,',**,',--,',**,',,,,,
Man.,Winnipeg,0121.00,Apt & Other,--,',**,',**,',--,',4.3%,c,,,,,4.3
Man.,Winnipeg,0122.01,Apt & Other,**,',**,',**,',**,',**,',,,,,
Man.,Winnipeg,0122.02,Apt & Other,--,',**,',**,',**,',**,',,,,,
Man.,Winnipeg,0123.00,Apt & Other,**,',**,',0.0%,d,--,',0.0%,d,,,0.0,,0.0
Man.,Winnipeg,0130.01,Apt & Other,**,',1.9%,c,0.0%,d,--,',1.3%,d,,1.9,0.0,,1.3
Man.,Winnipeg,0130.02,Apt & Other,--,',0.4%,b,1.6%,c,**,',0.9%,a,,0.4,1.6,,0.9
Man.,Winnipeg,0131.00,Apt & Other,--,',**,',**,',**,',**,',,,,,
Man.,Winnipeg,0132.00,Apt & Other,**,',**,',**,',--,',**,',,,,,
Man.,Winnipeg,0133.00,Apt & Other,**,',**,',**,',**,',**,',,,,,
Man.,Winnipeg,0134.00,Apt & Other,**,',0.7%,b,0.4%,b,**,',0.6%,b,,0.7,0.4,,0.6
Man.,Winnipeg,0140.01,Apt & Other,--,',**,',**,',**,',**,',,,,,
Man.,Winnipeg,0140.02,Apt & Other,--,',**,',**,',**,',**,',,,,,
Man.,Winnipeg,0140.04,Apt & Other,0.0%,a,0.3%,a,0.4%,a,0.0%,d,0.4%,a,0.0,0.3,0.4,0.0,0.4
Man.,Winnipeg,0140.05,Apt & Other,--,',0.0%,a,0.4%,a,0.0%,a,0.3%,a,,0.0,0.4,0.0,0.3
Man.,Winnipeg,0141.01,Apt & Other,**,',1.1%,a,0.0%,d,**,',0.6%,b,,1.1,0.0,,0.6
Man.,Winnipeg,0141.02,Apt & Other,**,',0.5%,b,0.3%,b,**,',0.4%,b,,0.5,0.3,,0.4
Man.,Winnipeg,0142.01,Apt & Other,**,',**,',**,',--,',**,',,,,,
Man.,Winnipeg,0142.02,Apt & Other,--,,--,,--,,--,,--,,,,,,
Man.,Winnipeg,0142.03,Apt & Other,**,',0.2%,b,1.0%,a,**,',0.7%,a,,0.2,1.0,,0.7
Man.,Winnipeg,0142.04,Apt & Other,--,,--,,--,,--,,--,,,,,,
Man.,Winnipeg,0150.01,Apt & Other,--,',--,',**,',--,',**,',,,,,
Man.,Winnipeg,0150.02,Apt & Other,--,,--,,--,,--,,--,,,,,,
Man.,Winnipeg,0160.00,Apt & Other,--,',**,',--,',--,',**,',,,,,
Man.,Winnipeg,0161.01,Apt & Other,--,,--,,--,,--,,--,,,,,,
Man.,Winnipeg,0161.02,Apt & Other,--,,--,,--,,--,,--,,,,,,
Man.,Winnipeg,0500.01,Apt & Other,**,',**,',3.0%,d,**,',2.5%,c,,,3.0,,2.5
Man.,Winnipeg,0500.02,Apt & Other,--,',**,',**,',**,',**,',,,,,
Man.,Winnipeg,0500.04,Apt & Other,**,',2.1%,a,1.2%,d,**,',1.7%,b,,2.1,1.2,,1.7
Man.,Winnipeg,0500.07,Apt & Other,--,,--,,--,,--,,--,,,,,,
Man.,Winnipeg,0500.08,Apt & Other,--,',**,',**,',**,',**,',,,,,
Man.,Winnipeg,0500.09,Apt & Other,--,,--,,--,,--,,--,,,,,,
Man.,Winnipeg,0500.10,Apt & Other,--,',**,',**,',--,',**,',,,,,
Man.,Winnipeg,0500.11,Apt & Other,--,',0.0%,a,0.3%,a,**,',0.3%,a,,0.0,0.3,,0.3
Man.,Winnipeg,0500.12,Apt & Other,--,',**,',**,',**,',**,',,,,,
Man.,Winnipeg,0500.13,Apt & Other,--,',**,',0.6%,b,**,',1.8%,c,,,0.6,,1.8
Man.,Winnipeg,0501.01,Apt & Other,**,',1.8%,c,1.6%,b,**,',1.6%,b,,1.8,1.6,,1.6
Man.,Winnipeg,0501.02,Apt & Other,--,',**,',**,',**,',**,',,,,,
Man.,Winnipeg,0501.03,Apt & Other,**,',0.8%,a,1.7%,c,**,',1.2%,a,,0.8,1.7,,1.2
Man.,Winnipeg,0502.00,Apt & Other,--,,--,,--,,--,,--,,,,,,
Man.,Winnipeg,0503.00,Apt & Other,**,',**,',**,',--,',**,',,,,,
Man.,Winnipeg,0510.02,Apt & Other,--,,--,,--,,--,,--,,,,,,
Man.,Winnipeg,0510.03,Apt & Other,**,',0.5%,a,0.1%,b,2.9%,a,0.5%,a,,0.5,0.1,2.9,0.5
Man.,Winnipeg,0510.06,Apt & Other,--,,--,,--,,--,,--,,,,,,
Man.,Winnipeg,0520.02,Apt & Other,--,',**,',**,',--,',**,',,,,,
Man.,Winnipeg,0520.03,Apt & Other,--,',**,',**,',**,',**,',,,,,
Man.,Winnipeg,0520.04,Apt & Other,--,',**,',**,',--,',**,',,,,,
Man.,Winnipeg,0520.05,Apt & Other,--,,--,,--,,--,,--,,,,,,
Man.,Winnipeg,0521.01,Apt & Other,--,',**,',**,',--,',**,',,,,,
Man.,Winnipeg,0521.02,Apt & Other,--,,--,,--,,--,,--,,,,,,
Man.,Winnipeg,0522.01,Apt & Other,**,',**,',**,',--,',**,',,,,,
Man.,Winnipeg,0522.02,Apt & Other,**,',**,',**,',--,',**,',,,,,
Man.,Winnipeg,0530.00,Apt & Other,**,',0.0%,d,**,',**,',0.6%,b,,0.0,,,0.6
Man.,Winnipeg,0531.00,Apt & Other,**,',**,',**,',**,',**,',,,,,
Man.,Winnipeg,0532.00,Apt & Other,**,',**,',**,',**,',**,',,,,,
Man.,Winnipeg,0533.00,Apt & Other,**,',**,',**,',--,',**,',,,,,
Man.,Winnipeg,0534.00,Apt & Other,**,',2.5%,c,1.7%,b,**,',1.9%,b,,2.5,1.7,,1.9
Man.,Winnipeg,0535.00,Apt & Other,**,',**,',**,',--,',**,',,,,,
Man.,Winnipeg,0536.00,Apt & Other,**,',1.6%,a,3.7%,c,**,',2.8%,a,,1.6,3.7,,2.8
Man.,Winnipeg,0537.01,Apt & Other,**,',**,',**,',**,',**,',,,,,
Man.,Winnipeg,0537.02,Apt & Other,--,,--,,--,,--,,--,,,,,,
Man.,Winnipeg,0537.03,Apt & Other,--,',**,',**,',--,',**,',,,,,
Man.,Winnipeg,0538.00,Apt & Other,--,',**,',**,',--,',26.0%,a,,,,,26.0
Man.,Winnipeg,0539.01,Apt & Other,--,,--,,--,,--,,--,,,,,,
Man.,Winnipeg,0539.02,Apt & Other,0.0%,a,0.7%,b,0.4%,a,**,',0.5%,b,0.0,0.7,0.4,,0.5
Man.,Winnipeg,0540.01,Apt & Other,--,,--,,--,,--,,--,,,,,,
Man.,Winnipeg,0540.02,Apt & Other,**,',0.0%,a,1.0%,a,--,',0.4%,a,,0.0,1.0,,0.4
Man.,Winnipeg,0540.03,Apt & Other,**,',0.3%,b,0.8%,a,0.0%,a,0.6%,a,,0.3,0.8,0.0,0.6
Man.,Winnipeg,0540.04,Apt & Other,**,',**,',**,',--,',**,',,,,,
Man.,Winnipeg,0541.00,Apt & Other,--,,--,,--,,--,,--,,,,,,
Man.,Winnipeg,0542.00,Apt & Other,--,,--,,--,,--,,--,,,,,,
Man.,Winnipeg,0550.00,Apt & Other,**,',**,',**,',--,',**,',,,,,
Man.,Winnipeg,0551.00,Apt & Other,**,',0.0%,d,**,',**,',**,',,0.0,,,
Man.,Winnipeg,0552.01,Apt & Other,--,',**,',0.6%,b,**,',0.5%,b,,,0.6,,0.5
Man.,Winnipeg,0552.02,Apt & Other,**,',**,',**,',**,',**,',,,,,
Man.,Winnipeg,0553.00,Apt & Other,**,',1.1%,d,1.1%,d,**,',1.1%,d,,1.1,1.1,,1.1
Man.,Winnipeg,0560.01,Apt & Other,--,',**,',**,',**,',**,',,,,,
Man.,Winnipeg,0560.04,Apt & Other,--,',**,',**,',**,',**,',,,,,
Man.,Winnipeg,0560.05,Apt & Other,**,',**,',**,',**,',**,',,,,,
Man.,Winnipeg,0560.08,Apt & Other,--,,--,,--,,--,,--,,,,,,
Man.,Winnipeg,0560.09,Apt & Other,--,',**,',**,',**,',**,',,,,,
Man.,Winnipeg,0560.10,Apt & Other,--,',0.7%,b,0.6%,a,**,',1.0%,a,,0.7,0.6,,1.0
Man.,Winnipeg,0560.11,Apt & Other,--,',1.0%,a,1.4%,a,0.0%,a,1.1%,a,,1.0,1.4,0.0,1.1
Man.,Winnipeg,0560.12,Apt & Other,--,',**,',**,',**,',**,',,,,,
Man.,Winnipeg,0560.13,Apt & Other,--,',--,',0.0%,a,--,',0.0%,a,,,0.0,,0.0
Man.,Winnipeg,0560.14,Apt & Other,--,',**,',**,',**,',**,',,,,,
Man.,Winnipeg,0560.15,Apt & Other,--,',**,',**,',**,',**,',,,,,
Man.,Winnipeg,0570.00,Apt & Other,--,',**,',**,',**,',**,',,,,,
Man.,Winnipeg,0580.00,Apt & Other,--,,--,,--,,--,,--,,,,,,
Man.,Winnipeg,0585.00,Apt & Other,--,,--,,--,,--,,--,,,,,,
Man.,Winnipeg,0590.02,Apt & Other,--,',--,',**,',**,',**,',,,,,
Man.,Winnipeg,0590.03,Apt & Other,**,',**,',**,',**,',**,',,,,,
Man.,Winnipeg,0590.04,Apt & Other,--,,--,,--,,--,,--,,,,,,
Man.,Winnipeg,0595.01,Apt & Other,--,',--,',**,',**,',**,',,,,,
Man.,Winnipeg,0595.02,Apt & Other,--,,--,,--,,--,,--,,,,,,
Man.,Winnipeg,0600.00,Apt & Other,--,,--,,--,,--,,--,,,,,,
Man.,Winnipeg,0700.00,Apt & Other,--,',--,',**,',--,',**,',,,,,
Man.,Winnipeg,0800.00,Apt & Other,**,',0.0%,a,**,',**,',**,',,0.0,,,
Man.,Winnipeg,Total,Apt & Other,2.8%,a,1.8%,a,1.7%,a,1.7%,b,1.8%,a,2.8,1.8,1.7,1.7,1.8
