province,centre,ct_id,dwelling_type,units_bachelor,units_1br,units_2br,units_3br_plus,units_total
Man.,Winnipeg,0001.00,Apt & Other,18,191,121,0,330
Man.,Winnipeg,0002.00,Apt & Other,19,181,159,25,384
Man.,Winnipeg,0003.00,Apt & Other,20,451,194,8,673
Man.,Winnipeg,0004.01,Apt & Other,23,442,317,8,790
Man.,Winnipeg,0004.02,Apt & Other,49,359,360,48,816
Man.,Winnipeg,0005.00,Apt & Other,--,--,--,--,--
Man.,Winnipeg,0006.00,Apt & Other,0,117,350,104,571
Man.,Winnipeg,0007.00,Apt & Other,0,80,121,1,202
Man.,Winnipeg,0008.00,Apt & Other,0,30,1,0,31
Man.,Winnipeg,0009.00,Apt & Other,--,--,--,--,--
Man.,Winnipeg,0010.00,Apt & Other,36,233,223,17,509
Man.,Winnipeg,0011.00,Apt & Other,66,"1,200","1,098",46,"2,410"
Man.,Winnipeg,0012.00,Apt & Other,159,"1,123",795,52,"2,129"
Man.,Winnipeg,0013.00,Apt & Other,420,702,224,6,"1,352"
Man.,Winnipeg,0014.00,Apt & Other,567,"2,255","1,086",18,"3,926"
Man.,Winnipeg,0015.00,Apt & Other,512,"1,320",576,42,"2,450"
Man.,Winnipeg,0016.00,Apt & Other,48,146,153,17,364
Man.,Winnipeg,0017.00,Apt & Other,22,167,56,5,250
Man.,Winnipeg,0018.00,Apt & Other,34,58,18,1,111
Man.,Winnipeg,0019.00,Apt & Other,0,42,80,0,122
Man.,Winnipeg,0020.00,Apt & Other,0,32,40,0,72
Man.,Winnipeg,0021.00,Apt & Other,226,394,121,3,744
Man.,Winnipeg,0022.00,Apt & Other,159,462,158,19,798
Man.,Winnipeg,0023.00,Apt & Other,325,673,349,9,"1,356"
Man.,Winnipeg,0024.00,Apt & Other,13,116,95,0,224
Man.,Winnipeg,0025.00,Apt & Other,12,246,97,5,360
Man.,Winnipeg,0026.00,Apt & Other,19,38,28,5,90
Man.,Winnipeg,0027.00,Apt & Other,0,48,20,0,68
Man.,Winnipeg,0028.00,Apt & Other,82,380,211,8,681
Man.,Winnipeg,0029.00,Apt & Other,7,132,33,3,175
Man.,Winnipeg,0030.00,Apt & Other,26,147,35,0,208
Man.,Winnipeg,0031.00,Apt & Other,--,--,--,--,--
Man.,Winnipeg,0032.00,Apt & Other,5,74,28,1,108
Man.,Winnipeg,0033.00,Apt & Other,--,--,--,--,--
Man.,Winnipeg,0034.00,Apt & Other,0,22,20,1,43
Man.,Winnipeg,0035.00,Apt & Other,9,21,17,9,56
Man.,Winnipeg,0036.00,Apt & Other,2,17,10,0,29
Man.,Winnipeg,0037.00,Apt & Other,--,--,--,--,--
Man.,Winnipeg,0038.00,Apt & Other,73,446,257,25,801
Man.,Winnipeg,0039.00,Apt & Other,43,270,124,3,440
Man.,Winnipeg,0040.00,Apt & Other,0,15,10,0,25
Man.,Winnipeg,0041.00,Apt & Other,10,36,25,1,72
Man.,Winnipeg,0042.00,Apt & Other,13,114,106,0,233
Man.,Winnipeg,0043.00,Apt & Other,10,46,34,2,92
Man.,Winnipeg,0044.00,Apt & Other,0,81,22,0,103
Man.,Winnipeg,0045.00,Apt & Other,4,109,66,5,184
Man.,Winnipeg,0046.00,Apt & Other,5,135,109,4,253
Man.,Winnipeg,0047.00,Apt & Other,0,46,27,0,73
Man.,Winnipeg,0048.00,Apt & Other,1,2,1,0,4
Man.,Winnipeg,0049.00,Apt & Other,1,4,2,0,7
Man.,Winnipeg,0050.01,Apt & Other,0,13,9,0,22
Man.,Winnipeg,0050.02,Apt & Other,5,63,36,0,104
Man.,Winnipeg,0051.01,Apt & Other,2,58,130,33,223
Man.,Winnipeg,0051.02,Apt & Other,--,--,--,--,--
Man.,Winnipeg,0051.03,Apt & Other,0,71,107,36,214
Man.,Winnipeg,0052.00,Apt & Other,--,--,--,--,--
Man.,Winnipeg,0100.01,Apt & Other,0,8,52,0,60
Man.,Winnipeg,0100.02,Apt & Other,--,--,--,--,--
Man.,Winnipeg,0100.05,Apt & Other,0,51,114,0,165
Man.,Winnipeg,0100.06,Apt & Other,0,159,452,10,621
Man.,Winnipeg,0100.07,Apt & Other,0,15,166,9,190
Man.,Winnipeg,0100.09,Apt & Other,--,--,--,--,--
Man.,Winnipeg,0100.10,Apt & Other,0,36,108,0,144
Man.,Winnipeg,0101.01,Apt & Other,2,241,199,4,446
Man.,Winnipeg,0101.02,Apt & Other,--,--,--,--,--
Man.,Winnipeg,0102.01,Apt & Other,0,66,150,28,244
Man.,Winnipeg,0102.02,Apt & Other,40,483,310,6,839
Man.,Winnipeg,0102.03,Apt & Other,11,366,344,12,733
Man.,Winnipeg,0102.04,Apt & Other,44,533,294,43,914
Man.,Winnipeg,0103.00,Apt & Other,4,68,26,0,98
Man.,Winnipeg,0104.00,Apt & Other,18,413,449,19,899
Man.,Winnipeg,0105.00,Apt & Other,3,226,49,1,279
Man.,Winnipeg,0110.01,Apt & Other,2,85,405,7,499
Man.,Winnipeg,0110.02,Apt & Other,0,80,194,0,274
Man.,Winnipeg,0110.04,Apt & Other,80,72,160,12,324
Man.,Winnipeg,0110.06,Apt & Other,0,86,221,0,307
Man.,Winnipeg,0110.08,Apt & Other,9,271,600,35,915
Man.,Winnipeg,0110.09,Apt & Other,2,75,125,50,252
Man.,Winnipeg,0111.00,Apt & Other,5,131,84,0,220
Man.,Winnipeg,0112.01,Apt & Other,8,71,73,0,152
Man.,Winnipeg,0112.02,Apt & Other,5,156,192,7,360
Man.,Winnipeg,0113.00,Apt & Other,16,116,72,16,220
Man.,Winnipeg,0114.00,Apt & Other,23,267,73,1,364
Man.,Winnipeg,0115.00,Apt & Other,23,91,86,1,201
Man.,Winnipeg,0116.00,Apt & Other,75,618,358,16,"1,067"
Man.,Winnipeg,0117.00,Apt & Other,23,201,103,15,342
Man.,Winnipeg,0120.01,Apt & Other,0,33,43,10,86
Man.,Winnipeg,0120.03,Apt & Other,0,159,105,6,270
Man.,Winnipeg,0120.04,Apt & Other,--,--,--,--,--
Man.,Winnipeg,0120.05,Apt & Other,5,0,25,0,30
Man.,Winnipeg,0121.00,Apt & Other,0,19,28,0,47
Man.,Winnipeg,0122.01,Apt & Other,1,22,18,4,45
Man.,Winnipeg,0122.02,Apt & Other,0,18,36,18,72
Man.,Winnipeg,0123.00,Apt & Other,1,51,97,0,149
Man.,Winnipeg,0130.01,Apt & Other,3,150,130,0,283
Man.,Winnipeg,0130.02,Apt & Other,0,617,541,29,"1,187"
Man.,Winnipeg,0131.00,Apt & Other,0,30,64,3,97
Man.,Winnipeg,0132.00,Apt & Other,2,134,32,0,168
Man.,Winnipeg,0133.00,Apt & Other,4,89,123,1,217
Man.,Winnipeg,0134.00,Apt & Other,48,421,211,3,683
Man.,Winnipeg,0140.01,Apt & Other,0,90,199,87,376
Man.,Winnipeg,0140.02,Apt & Other,0,25,48,16,89
Man.,Winnipeg,0140.04,Apt & Other,16,331,928,126,"1,401"
Man.,Winnipeg,0140.05,Apt & Other,0,97,378,40,515
Man.,Winnipeg,0141.01,Apt & Other,34,398,383,70,885
Man.,Winnipeg,0141.02,Apt & Other,25,488,290,2,805
Man.,Winnipeg,0142.01,Apt & Other,4,218,166,0,388
Man.,Winnipeg,0142.02,Apt & Other,--,--,--,--,--
Man.,Winnipeg,0142.03,Apt & Other,43,"1,334",920,69,"2,366"
Man.,Winnipeg,0142.04,Apt & Other,--,--,--,--,--
Man.,Winnipeg,0150.01,Apt & Other,0,0,48,0,48
Man.,Winnipeg,0150.02,Apt & Other,--,--,--,--,--
Man.,Winnipeg,0160.00,Apt & Other,0,6,0,0,6
Man.,Winnipeg,0161.01,Apt & Other,--,--,--,--,--
Man.,Winnipeg,0161.02,Apt & Other,--,--,--,--,--
Man.,Winnipeg,0500.01,Apt & Other,2,508,593,76,"1,179"
Man.,Winnipeg,0500.02,Apt & Other,0,27,70,6,103
Man.,Winnipeg,0500.04,Apt & Other,8,224,324,12,568
Man.,Winnipeg,0500.07,Apt & Other,--,--,--,--,--
Man.,Winnipeg,0500.08,Apt & Other,0,16,65,3,84
Man.,Winnipeg,0500.09,Apt & Other,--,--,--,--,--
Man.,Winnipeg,0500.10,Apt & Other,0,183,147,0,330
Man.,Winnipeg,0500.11,Apt & Other,0,55,269,12,336
Man.,Winnipeg,0500.12,Apt & Other,0,65,363,50,478
Man.,Winnipeg,0500.13,Apt & Other,0,296,422,87,805
Man.,Winnipeg,0501.01,Apt & Other,51,626,950,68,"1,695"
Man.,Winnipeg,0501.02,Apt & Other,0,118,284,76,478
Man.,Winnipeg,0501.03,Apt & Other,26,775,953,50,"1,804"
Man.,Winnipeg,0502.00,Apt & Other,--,--,--,--,--
Man.,Winnipeg,0503.00,Apt & Other,8,21,10,0,39
Man.,Winnipeg,0510.02,Apt & Other,--,--,--,--,--
Man.,Winnipeg,0510.03,Apt & Other,12,553,930,98,"1,593"
Man.,Winnipeg,0510.06,Apt & Other,--,--,--,--,--
Man.,Winnipeg,0520.02,Apt & Other,0,41,42,0,83
Man.,Winnipeg,0520.03,Apt & Other,0,142,132,10,284
Man.,Winnipeg,0520.04,Apt & Other,0,3,57,0,60
Man.,Winnipeg,0520.05,Apt & Other,--,--,--,--,--
Man.,Winnipeg,0521.01,Apt & Other,0,28,32,0,60
Man.,Winnipeg,0521.02,Apt & Other,--,--,--,--,--
Man.,Winnipeg,0522.01,Apt & Other,27,138,88,0,253
Man.,Winnipeg,0522.02,Apt & Other,12,34,12,0,58
Man.,Winnipeg,0530.00,Apt & Other,34,189,159,5,387
Man.,Winnipeg,0531.00,Apt & Other,57,168,188,1,414
Man.,Winnipeg,0532.00,Apt & Other,6,24,6,2,38
Man.,Winnipeg,0533.00,Apt & Other,89,157,46,0,292
Man.,Winnipeg,0534.00,Apt & Other,54,397,698,8,"1,157"
Man.,Winnipeg,0535.00,Apt & Other,1,14,14,0,29
Man.,Winnipeg,0536.00,Apt & Other,79,659,665,69,"1,472"
Man.,Winnipeg,0537.01,Apt & Other,14,112,256,23,405
Man.,Winnipeg,0537.02,Apt & Other,--,--,--,--,--
Man.,Winnipeg,0537.03,Apt & Other,0,93,47,0,140
Man.,Winnipeg,0538.00,Apt & Other,0,36,60,0,96
Man.,Winnipeg,0539.01,Apt & Other,--,--,--,--,--
Man.,Winnipeg,0539.02,Apt & Other,21,220,293,40,574
Man.,Winnipeg,0540.01,Apt & Other,--,--,--,--,--
Man.,Winnipeg,0540.02,Apt & Other,2,176,139,0,317
Man.,Winnipeg,0540.03,Apt & Other,17,377,547,67,"1,008"
Man.,Winnipeg,0540.04,Apt & Other,6,171,135,0,312
Man.,Winnipeg,0541.00,Apt & Other,--,--,--,--,--
Man.,Winnipeg,0542.00,Apt & Other,--,--,--,--,--
Man.,Winnipeg,0550.00,Apt & Other,3,29,19,0,51
Man.,Winnipeg,0551.00,Apt & Other,4,159,99,3,265
Man.,Winnipeg,0552.01,Apt & Other,0,130,158,76,364
Man.,Winnipeg,0552.02,Apt & Other,32,140,221,10,403
Man.,Winnipeg,0553.00,Apt & Other,4,557,391,2,954
Man.,Winnipeg,0560.01,Apt & Other,0,7,41,25,73
Man.,Winnipeg,0560.04,Apt & Other,0,176,145,44,365
Man.,Winnipeg,0560.05,Apt & Other,1,71,63,4,139
Man.,Winnipeg,0560.08,Apt & Other,--,--,--,--,--
Man.,Winnipeg,0560.09,Apt & Other,0,87,162,21,270
Man.,Winnipeg,0560.10,Apt & Other,0,189,821,59,"1,069"
Man.,Winnipeg,0560.11,Apt & Other,0,96,214,43,353
Man.,Winnipeg,0560.12,Apt & Other,0,68,82,21,171
Man.,Winnipeg,0560.13,Apt & Other,0,0,305,0,305
Man.,Winnipeg,0560.14,Apt & Other,0,42,169,2,213
Man.,Winnipeg,0560.15,Apt & Other,0,314,225,50,589
Man.,Winnipeg,0570.00,Apt & Other,0,12,24,18,54
Man.,Winnipeg,0580.00,Apt & Other,--,--,--,--,--
Man.,Winnipeg,0585.00,Apt & Other,--,--,--,--,--
Man.,Winnipeg,0590.02,Apt & Other,0,0,8,4,12
Man.,Winnipeg,0590.03,Apt & Other,8,2,16,17,43
Man.,Winnipeg,0590.04,Apt & Other,--,--,--,--,--
Man.,Winnipeg,0595.01,Apt & Other,0,0,30,72,102
Man.,Winnipeg,0595.02,Apt & Other,--,--,--,--,--
Man.,Winnipeg,0600.00,Apt & Other,--,--,--,--,--
Man.,Winnipeg,0700.00,Apt & Other,0,0,46,0,46
Man.,Winnipeg,0800.00,Apt & Other,1,15,36,12,64
Man.,Winnipeg,Total,Apt & Other,"4,203","31,863","30,802","2,592","69,460"
