ct_id,units_bachelor,units_1br,units_2br,units_3br_plus,units_total,share_bachelor,share_1br,share_2br,share_3br_plus,log_units_total,vacancy_bachelor,vacancy_1br,vacancy_2br,vacancy_3br_plus,vacancy_total,vacancy_bachelor_reliability,vacancy_1br_reliability,vacancy_2br_reliability,vacancy_3br_plus_reliability,vacancy_total_reliability,rent_bachelor,rent_1br,rent_2br,rent_3br_plus,rent_total,rent_bachelor_reliability,rent_1br_reliability,rent_2br_reliability,rent_3br_plus_reliability,rent_total_reliability,geo,statcan_dguid,median_household_income_2020
0001.00,18.0,191.0,121.0,0.0,330.0,0.05454545454545454,0.5787878787878787,0.36666666666666664,0.0,5.802118375377063,,0.0,0.0,,0.0,',d,d,',d,760.0,968.0,1169.0,,1017.0,b,c,d,',c,0001.00 - Winnipeg,2021S05076020001.00,84000.0
0002.00,19.0,181.0,159.0,25.0,384.0,0.049479166666666664,0.4713541666666667,0.4140625,0.06510416666666667,5.953243334287785,,0.0,,,0.2,',d,',',b,,1223.0,,,1379.0,',c,',',c,0002.00 - Winnipeg,2021S05076020002.00,73500.0
0003.00,20.0,451.0,194.0,8.0,673.0,0.029717682020802376,0.6701337295690936,0.28826151560178304,0.01188707280832095,6.513230110912307,0.0,1.2,0.0,,0.8,d,a,d,',a,727.0,1008.0,1317.0,,1106.0,a,a,b,',b,0003.00 - Winnipeg,2021S05076020003.00,68500.0
0004.01,23.0,442.0,317.0,8.0,790.0,0.02911392405063291,0.5594936708860759,0.4012658227848101,0.010126582278481013,6.673297967767654,,,,,,',',',',',,1140.0,1419.0,,1246.0,',b,b,',b,0004.01 - Winnipeg,2021S05076020004.01,74000.0
0004.02,49.0,359.0,360.0,48.0,816.0,0.06004901960784314,0.43995098039215685,0.4411764705882353,0.058823529411764705,6.705639094860003,,,0.4,,0.7,',',b,',b,744.0,963.0,1130.0,,1052.0,a,b,a,',b,0004.02 - Winnipeg,2021S05076020004.02,57600.0
0005.00,,,,,,,,,,,,,,,,,,,,,,,,,,,,,,,0005.00 - Winnipeg,2021S05076020005.00,127000.0
0006.00,0.0,117.0,350.0,104.0,571.0,0.0,0.20490367775831875,0.6129597197898424,0.18213660245183888,6.349138991379798,,,,,,',',',',',,,,,,',',',',',0006.00 - Winnipeg,2021S05076020006.00,69000.0
0007.00,0.0,80.0,121.0,1.0,202.0,0.0,0.39603960396039606,0.599009900990099,0.0049504950495049506,5.313205979041787,,,0.0,,,',',d,',',,980.0,1188.0,,1106.0,',c,b,',c,0007.00 - Winnipeg,2021S05076020007.00,88000.0
0008.00,0.0,30.0,1.0,0.0,31.0,0.0,0.967741935483871,0.03225806451612903,0.0,3.4657359027997265,,,,,,',',',',',,,,,,',',',',',0008.00 - Winnipeg,2021S05076020008.00,137000.0
0009.00,,,,,,,,,,,,,,,,,,,,,,,,,,,,,,,0009.00 - Winnipeg,2021S05076020009.00,126000.0
0010.00,36.0,233.0,223.0,17.0,509.0,0.07072691552062868,0.4577603143418468,0.4381139489194499,0.03339882121807466,6.234410725718371,,0.0,,,,',d,',',',,1045.0,,,1258.0,',b,',',d,0010.00 - Winnipeg,2021S05076020010.00,103000.0
0011.00,66.0,,,46.0,,,,,,,0.0,1.6,2.7,,2.0,d,c,c,',c,903.0,1233.0,1654.0,,1416.0,b,a,a,',a,0011.00 - Winnipeg,2021S05076020011.00,67500.0
0012.00,159.0,,795.0,52.0,,,,,,,,0.1,0.3,0.0,0.3,',b,b,d,a,,998.0,1256.0,1568.0,1112.0,',b,a,c,b,0012.00 - Winnipeg,2021S05076020012.00,49600.0
0013.00,420.0,702.0,224.0,6.0,,,,,,,2.6,3.2,7.0,,3.6,b,a,a,',a,870.0,1290.0,1782.0,,1249.0,a,a,a,',a,0013.00 - Winnipeg,2021S05076020013.00,50400.0
0014.00,567.0,,,18.0,,,,,,,5.5,3.2,2.7,,3.4,d,b,b,',c,803.0,1043.0,1425.0,,1105.0,a,a,a,',a,0014.00 - Winnipeg,2021S05076020014.00,47200.0
0015.00,512.0,,576.0,42.0,,,,,,,3.5,3.3,4.2,4.3,3.6,d,c,d,d,b,770.0,948.0,1268.0,1791.0,1013.0,b,a,b,b,b,0015.00 - Winnipeg,2021S05076020015.00,37600.0
0016.00,48.0,146.0,153.0,17.0,364.0,0.13186813186813187,0.4010989010989011,0.42032967032967034,0.046703296703296704,5.8998973535824915,,0.0,,,,',d,',',',,1065.0,,,,',d,',',',0016.00 - Winnipeg,2021S05076020016.00,55600.0
0017.00,22.0,167.0,56.0,5.0,250.0,0.088,0.668,0.224,0.02,5.5254529391317835,,,,,0.6,',',',',b,712.0,967.0,,,952.0,b,c,',',c,0017.00 - Winnipeg,2021S05076020017.00,76000.0
0018.00,34.0,58.0,18.0,1.0,111.0,0.3063063063063063,0.5225225225225225,0.16216216216216217,0.009009009009009009,4.718498871295094,,,,,,',',',',',,,,,,',',',',',0018.00 - Winnipeg,2021S05076020018.00,81000.0
0019.00,0.0,42.0,80.0,0.0,122.0,0.0,0.3442622950819672,0.6557377049180327,0.0,4.812184355372417,,,,,,',',',',',,,,,,',',',',',0019.00 - Winnipeg,2021S05076020019.00,78000.0
0020.00,0.0,32.0,40.0,0.0,72.0,0.0,0.4444444444444444,0.5555555555555556,0.0,4.290459441148391,,,,,,',',',',',,,,,,',',',',',0020.00 - Winnipeg,2021S05076020020.00,79500.0
0021.00,226.0,394.0,121.0,3.0,744.0,0.30376344086021506,0.5295698924731183,0.16263440860215053,0.004032258064516129,6.61338421837956,,,,,4.5,',',',',d,628.0,723.0,902.0,,757.0,d,b,c,',c,0021.00 - Winnipeg,2021S05076020021.00,63200.0
0022.00,159.0,462.0,158.0,19.0,798.0,0.19924812030075187,0.5789473684210527,0.19799498746867167,0.023809523809523808,6.683360945766275,,,,,,',',',',',815.0,812.0,1068.0,,853.0,a,b,c,',b,0022.00 - Winnipeg,2021S05076020022.00,37600.0
0023.00,325.0,673.0,349.0,9.0,,,,,,,4.8,3.8,3.6,,4.0,b,a,a,',a,742.0,923.0,1051.0,,912.0,a,a,a,',a,0023.00 - Winnipeg,2021S05076020023.00,39600.0
0024.00,13.0,116.0,95.0,0.0,224.0,0.05803571428571429,0.5178571428571429,0.42410714285714285,0.0,5.41610040220442,,4.1,5.5,,4.9,',a,a,',a,,1266.0,1578.0,,1379.0,',a,a,',a,0024.00 - Winnipeg,2021S05076020024.00,75000.0
0025.00,12.0,246.0,97.0,5.0,360.0,0.03333333333333333,0.6833333333333333,0.26944444444444443,0.013888888888888888,5.8888779583328805,,,,,,',',',',',,,,,,',',',',',0025.00 - Winnipeg,2021S05076020025.00,45600.0
0026.00,19.0,38.0,28.0,5.0,90.0,0.2111111111111111,0.4222222222222222,0.3111111111111111,0.05555555555555555,4.51085950651685,,,,,,',',',',',,707.0,,,632.0,',c,',',d,0026.00 - Winnipeg,2021S05076020026.00,40400.0
0027.00,0.0,48.0,20.0,0.0,68.0,0.0,0.7058823529411765,0.29411764705882354,0.0,4.23410650459726,,,,,,',',',',',,,,,,',',',',',0027.00 - Winnipeg,2021S05076020027.00,57200.0
0028.00,82.0,380.0,211.0,8.0,681.0,0.12041116005873716,0.5580029368575624,0.30983847283406757,0.011747430249632892,6.525029657843462,,,,,,',',',',',634.0,701.0,921.0,,747.0,c,b,d,',c,0028.00 - Winnipeg,2021S05076020028.00,55200.0
0029.00,7.0,132.0,33.0,3.0,175.0,0.04,0.7542857142857143,0.18857142857142858,0.017142857142857144,5.170483995038151,,0.0,,,0.0,',d,',',d,,,,,,',',',',',0029.00 - Winnipeg,2021S05076020029.00,74500.0
0030.00,26.0,147.0,35.0,0.0,208.0,0.125,0.7067307692307693,0.16826923076923078,0.0,5.342334251964811,,,,,,',',',',',,,,,,',',',',',0030.00 - Winnipeg,2021S05076020030.00,83000.0
0031.00,,,,,,,,,,,,,,,,,,,,,,,,,,,,,,,0031.00 - Winnipeg,2021S05076020031.00,78500.0
0032.00,5.0,74.0,28.0,1.0,108.0,0.046296296296296294,0.6851851851851852,0.25925925925925924,0.009259259259259259,4.6913478822291435,,,,,,',',',',',,675.0,788.0,,702.0,',a,a,',a,0032.00 - Winnipeg,2021S05076020032.00,66500.0
0033.00,,,,,,,,,,,,,,,,,,,,,,,,,,,,,,,0033.00 - Winnipeg,2021S05076020033.00,65000.0
0034.00,0.0,22.0,20.0,1.0,43.0,0.0,0.5116279069767442,0.46511627906976744,0.023255813953488372,3.784189633918261,,,,,,',',',',',,,,,,',',',',',0034.00 - Winnipeg,2021S05076020034.00,39600.0
0035.00,9.0,21.0,17.0,9.0,56.0,0.16071428571428573,0.375,0.30357142857142855,0.16071428571428573,4.04305126783455,,,,,,',',',',',,,,,,',',',',',0035.00 - Winnipeg,2021S05076020035.00,49200.0
0036.00,2.0,17.0,10.0,0.0,29.0,0.06896551724137931,0.5862068965517241,0.3448275862068966,0.0,3.4011973816621555,,,,,,',',',',',,,,,,',',',',',0036.00 - Winnipeg,2021S05076020036.00,38400.0
0037.00,,,,,,,,,,,,,,,,,,,,,,,,,,,,,,,0037.00 - Winnipeg,2021S05076020037.00,74000.0
0038.00,73.0,446.0,257.0,25.0,801.0,0.09113607990012484,0.5568039950062422,0.3208489388264669,0.031210986267166042,6.687108607866515,,3.7,5.2,,3.9,',d,d,',d,694.0,926.0,1089.0,,966.0,c,a,b,',b,0038.00 - Winnipeg,2021S05076020038.00,57600.0
0039.00,43.0,270.0,124.0,3.0,440.0,0.09772727272727273,0.6136363636363636,0.2818181818181818,0.006818181818181818,6.089044875446846,,,0.0,,,',',d,',',726.0,824.0,929.0,,840.0,b,b,b,',b,0039.00 - Winnipeg,2021S05076020039.00,61200.0
0040.00,0.0,15.0,10.0,0.0,25.0,0.0,0.6,0.4,0.0,3.258096538021482,,,,,,',',',',',,,,,,',',',',',0040.00 - Winnipeg,2021S05076020040.00,83000.0
0041.00,10.0,36.0,25.0,1.0,72.0,0.1388888888888889,0.5,0.3472222222222222,0.013888888888888888,4.290459441148391,8.5,,,,,a,',',',',673.0,797.0,834.0,,788.0,a,b,d,',b,0041.00 - Winnipeg,2021S05076020041.00,73000.0
0042.00,13.0,114.0,106.0,0.0,233.0,0.055793991416309016,0.4892703862660944,0.45493562231759654,0.0,5.455321115357702,,,,,,',',',',',,664.0,831.0,,726.0,',b,c,',c,0042.00 - Winnipeg,2021S05076020042.00,51600.0
0043.00,10.0,46.0,34.0,2.0,92.0,0.10869565217391304,0.5,0.3695652173913043,0.021739130434782608,4.532599493153256,,,,,,',',',',',,654.0,781.0,,737.0,',b,c,',c,0043.00 - Winnipeg,2021S05076020043.00,46400.0
0044.00,0.0,81.0,22.0,0.0,103.0,0.0,0.7864077669902912,0.21359223300970873,0.0,4.6443908991413725,,,,,,',',',',',,,,,,',',',',',0044.00 - Winnipeg,2021S05076020044.00,62000.0
0045.00,4.0,109.0,66.0,5.0,184.0,0.021739130434782608,0.592391304347826,0.358695652173913,0.02717391304347826,5.220355825078324,,,,,,',',',',',,640.0,,,692.0,',b,',',b,0045.00 - Winnipeg,2021S05076020045.00,62400.0
0046.00,5.0,135.0,109.0,4.0,253.0,0.019762845849802372,0.5335968379446641,0.4308300395256917,0.015810276679841896,5.537334267018537,,9.6,,,7.9,',c,',',c,,800.0,919.0,,847.0,',a,a,',a,0046.00 - Winnipeg,2021S05076020046.00,62000.0
0047.00,0.0,46.0,27.0,0.0,73.0,0.0,0.6301369863013698,0.3698630136986301,0.0,4.30406509320417,,2.5,,,1.6,',a,',',b,,781.0,,,790.0,',a,',',a,0047.00 - Winnipeg,2021S05076020047.00,74000.0
0048.00,1.0,2.0,1.0,0.0,4.0,0.25,0.5,0.25,0.0,1.6094379124341003,,,,,,',',',',',,,,,,',',',',',0048.00 - Winnipeg,2021S05076020048.00,82000.0
0049.00,1.0,4.0,2.0,0.0,7.0,0.14285714285714285,0.5714285714285714,0.2857142857142857,0.0,2.0794415416798357,,,,,,',',',',',,,,,,',',',',',0049.00 - Winnipeg,2021S05076020049.00,94000.0
0050.01,0.0,13.0,9.0,0.0,22.0,0.0,0.5909090909090909,0.4090909090909091,0.0,3.1354942159291497,,,,,,',',',',',,,,,,',',',',',0050.01 - Winnipeg,2021S05076020050.01,60800.0
0050.02,5.0,63.0,36.0,0.0,104.0,0.04807692307692308,0.6057692307692307,0.34615384615384615,0.0,4.653960350157523,,,,,,',',',',',,947.0,,,982.0,',a,',',a,0050.02 - Winnipeg,2021S05076020050.02,87000.0
0051.01,2.0,58.0,130.0,33.0,223.0,0.008968609865470852,0.2600896860986547,0.5829596412556054,0.14798206278026907,5.4116460518550396,,1.7,1.6,,1.4,',a,a,',a,,,1539.0,,1575.0,',',a,',a,0051.01 - Winnipeg,2021S05076020051.01,111000.0
0051.02,,,,,,,,,,,,,,,,,,,,,,,,,,,,,,,0051.02 - Winnipeg,2021S05076020051.02,110000.0
0051.03,0.0,71.0,107.0,36.0,214.0,0.0,0.3317757009345794,0.5,0.16822429906542055,5.3706380281276624,,,,,,',',',',',,,,,,',',',',',0051.03 - Winnipeg,2021S05076020051.03,93000.0
0052.00,,,,,,,,,,,,,,,,,,,,,,,,,,,,,,,0052.00 - Winnipeg,2021S05076020052.00,
0100.01,0.0,8.0,52.0,0.0,60.0,0.0,0.13333333333333333,0.8666666666666667,0.0,4.110873864173311,,,,,,',',',',',,,,,,',',',',',0100.01 - Winnipeg,2021S05076020100.01,125000.0
0100.02,,,,,,,,,,,,,,,,,,,,,,,,,,,,,,,0100.02 - Winnipeg,2021S05076020100.02,144000.0
0100.05,0.0,51.0,114.0,0.0,165.0,0.0,0.3090909090909091,0.6909090909090909,0.0,5.111987788356544,,,,,,',',',',',,,,,,',',',',',0100.05 - Winnipeg,2021S05076020100.05,90000.0
0100.06,0.0,159.0,452.0,10.0,621.0,0.0,0.2560386473429952,0.7278582930756844,0.01610305958132045,6.432940092739179,,1.4,,,0.5,',a,',',b,,1352.0,1796.0,,1652.0,',a,b,',b,0100.06 - Winnipeg,2021S05076020100.06,86000.0
0100.07,0.0,15.0,166.0,9.0,190.0,0.0,0.07894736842105263,0.8736842105263158,0.04736842105263158,5.25227342804663,,,,,,',',',',',,,,,,',',',',',0100.07 - Winnipeg,2021S05076020100.07,80000.0
0100.09,,,,,,,,,,,,,,,,,,,,,,,,,,,,,,,0100.09 - Winnipeg,2021S05076020100.09,133000.0
0100.10,0.0,36.0,108.0,0.0,144.0,0.0,0.25,0.75,0.0,4.976733742420574,,,,,,',',',',',,,,,,',',',',',0100.10 - Winnipeg,2021S05076020100.10,105000.0
0101.01,2.0,241.0,199.0,4.0,446.0,0.004484304932735426,0.5403587443946188,0.4461883408071749,0.008968609865470852,6.102558594613569,,0.7,0.4,,0.5,',b,b,',b,,1174.0,1265.0,,1223.0,',b,b,',b,0101.01 - Winnipeg,2021S05076020101.01,91000.0
0101.02,,,,,,,,,,,,,,,,,,,,,,,,,,,,,,,0101.02 - Winnipeg,2021S05076020101.02,109000.0
0102.01,0.0,66.0,150.0,28.0,244.0,0.0,0.27049180327868855,0.6147540983606558,0.11475409836065574,5.501258210544727,,,,,,',',',',',,,,,,',',',',',0102.01 - Winnipeg,2021S05076020102.01,79500.0
0102.02,40.0,483.0,310.0,6.0,839.0,0.04767580452920143,0.5756853396901073,0.3694874851013111,0.007151370679380214,6.733401891837359,,3.3,0.0,,1.7,',d,d,',c,893.0,1158.0,1284.0,,1194.0,b,b,a,',a,0102.02 - Winnipeg,2021S05076020102.02,63200.0
0102.03,11.0,366.0,344.0,12.0,733.0,0.015006821282401092,0.49931787175989084,0.4693042291950887,0.01637107776261937,6.598509028614515,,,,,,',',',',',,1009.0,1345.0,,1204.0,',a,b,',b,0102.03 - Winnipeg,2021S05076020102.03,60400.0
0102.04,44.0,533.0,294.0,43.0,914.0,0.04814004376367615,0.5831509846827133,0.32166301969365424,0.047045951859956234,6.818924065275521,,0.0,0.6,0.0,0.3,',a,a,a,a,,1109.0,1247.0,1557.0,1174.0,',a,a,a,a,0102.04 - Winnipeg,2021S05076020102.04,50800.0
0103.00,4.0,68.0,26.0,0.0,98.0,0.04081632653061224,0.6938775510204082,0.2653061224489796,0.0,4.59511985013459,,,,,,',',',',',,,,,,',',',',',0103.00 - Winnipeg,2021S05076020103.00,92000.0
0104.00,18.0,413.0,449.0,19.0,899.0,0.020022246941045607,0.4593993325917686,0.4994438264738598,0.021134593993325918,6.802394763324311,,,0.5,,0.4,',',a,',a,,1156.0,1344.0,,1262.0,',a,a,',a,0104.00 - Winnipeg,2021S05076020104.00,63600.0
0105.00,3.0,226.0,49.0,1.0,279.0,0.010752688172043012,0.8100358422939068,0.17562724014336917,0.0035842293906810036,5.634789603169249,,,,,,',',',',',,,,,,',',',',',0105.00 - Winnipeg,2021S05076020105.00,81000.0
0110.01,2.0,85.0,405.0,7.0,499.0,0.004008016032064128,0.17034068136272545,0.811623246492986,0.014028056112224449,6.214608098422191,,0.0,0.2,,0.2,',a,a,',a,,1224.0,1726.0,,1641.0,',a,a,',a,0110.01 - Winnipeg,2021S05076020110.01,88000.0
0110.02,0.0,80.0,194.0,0.0,274.0,0.0,0.291970802919708,0.708029197080292,0.0,5.616771097666572,,,,,,',',',',',,,1561.0,,1483.0,',',b,',b,0110.02 - Winnipeg,2021S05076020110.02,101000.0
0110.04,80.0,72.0,160.0,12.0,324.0,0.24691358024691357,0.2222222222222222,0.49382716049382713,0.037037037037037035,5.783825182329737,,,,,,',',',',',,,,,,',',',',',0110.04 - Winnipeg,2021S05076020110.04,113000.0
0110.06,0.0,86.0,221.0,0.0,307.0,0.0,0.28013029315960913,0.7198697068403909,0.0,5.730099782973574,,,,,,',',',',',,,1427.0,,1336.0,',',a,',b,0110.06 - Winnipeg,2021S05076020110.06,124000.0
0110.08,9.0,271.0,600.0,35.0,915.0,0.009836065573770493,0.29617486338797816,0.6557377049180327,0.03825136612021858,6.82001636467413,,,0.2,,0.1,',',a,',a,,1606.0,1820.0,2160.0,1774.0,',a,a,a,a,0110.08 - Winnipeg,2021S05076020110.08,126000.0
0110.09,2.0,75.0,125.0,50.0,252.0,0.007936507936507936,0.2976190476190476,0.49603174603174605,0.1984126984126984,5.53338948872752,,,,,,',',',',',,,,,,',',',',',0110.09 - Winnipeg,2021S05076020110.09,140000.0
0111.00,5.0,131.0,84.0,0.0,220.0,0.022727272727272728,0.5954545454545455,0.38181818181818183,0.0,5.3981627015177525,,,,,,',',',',',,,,,,',',',',',0111.00 - Winnipeg,2021S05076020111.00,94000.0
0112.01,8.0,71.0,73.0,0.0,152.0,0.05263157894736842,0.46710526315789475,0.48026315789473684,0.0,5.030437921392435,,,,,,',',',',',,,,,,',',',',',0112.01 - Winnipeg,2021S05076020112.01,86000.0
0112.02,5.0,156.0,192.0,7.0,360.0,0.013888888888888888,0.43333333333333335,0.5333333333333333,0.019444444444444445,5.8888779583328805,,,,,,',',',',',,878.0,,,939.0,',b,',',b,0112.02 - Winnipeg,2021S05076020112.02,80000.0
0113.00,16.0,116.0,72.0,16.0,220.0,0.07272727272727272,0.5272727272727272,0.32727272727272727,0.07272727272727272,5.3981627015177525,,0.0,,,0.7,',d,',',b,,1011.0,1275.0,,1109.0,',c,c,',d,0113.00 - Winnipeg,2021S05076020113.00,72500.0
0114.00,23.0,267.0,73.0,1.0,364.0,0.06318681318681318,0.7335164835164835,0.20054945054945056,0.0027472527472527475,5.8998973535824915,,,,,,',',',',',,890.0,,,963.0,',c,',',c,0114.00 - Winnipeg,2021S05076020114.00,63200.0
0115.00,23.0,91.0,86.0,1.0,201.0,0.11442786069651742,0.4527363184079602,0.42786069651741293,0.004975124378109453,5.308267697401205,,0.0,0.0,,0.0,',d,d,',d,,874.0,1107.0,,964.0,',b,b,',c,0115.00 - Winnipeg,2021S05076020115.00,93000.0
0116.00,75.0,618.0,358.0,16.0,,,,,,,0.0,,0.0,,0.5,d,',d,',b,913.0,1006.0,1333.0,,1124.0,b,b,a,',b,0116.00 - Winnipeg,2021S05076020116.00,52800.0
0117.00,23.0,201.0,103.0,15.0,342.0,0.06725146198830409,0.5877192982456141,0.30116959064327486,0.043859649122807015,5.8377304471659395,,0.0,,,,',d,',',',,1065.0,1432.0,,,',d,d,',',0117.00 - Winnipeg,2021S05076020117.00,69000.0
0120.01,0.0,33.0,43.0,10.0,86.0,0.0,0.38372093023255816,0.5,0.11627906976744186,4.465908118654584,,,,,,',',',',',,,,,,',',',',',0120.01 - Winnipeg,2021S05076020120.01,95000.0
0120.03,0.0,159.0,105.0,6.0,270.0,0.0,0.5888888888888889,0.3888888888888889,0.022222222222222223,5.602118820879701,,,,,,',',',',',,,,,,',',',',',0120.03 - Winnipeg,2021S05076020120.03,72500.0
0120.04,,,,,,,,,,,,,,,,,,,,,,,,,,,,,,,0120.04 - Winnipeg,2021S05076020120.04,91000.0
0120.05,5.0,0.0,25.0,0.0,30.0,0.16666666666666666,0.0,0.8333333333333334,0.0,3.4339872044851463,,,,,,',',',',',,,,,,',',',',',0120.05 - Winnipeg,2021S05076020120.05,136000.0
0121.00,0.0,19.0,28.0,0.0,47.0,0.0,0.40425531914893614,0.5957446808510638,0.0,3.871201010907891,,,,,4.3,',',',',c,,,1190.0,,1051.0,',',b,',b,0121.00 - Winnipeg,2021S05076020121.00,87000.0
0122.01,1.0,22.0,18.0,4.0,45.0,0.022222222222222223,0.4888888888888889,0.4,0.08888888888888889,3.828641396489095,,,,,,',',',',',,,,,,',',',',',0122.01 - Winnipeg,2021S05076020122.01,80000.0
0122.02,0.0,18.0,36.0,18.0,72.0,0.0,0.25,0.5,0.25,4.290459441148391,,,,,,',',',',',,,,,,',',',',',0122.02 - Winnipeg,2021S05076020122.02,93000.0
0123.00,1.0,51.0,97.0,0.0,149.0,0.006711409395973154,0.3422818791946309,0.6510067114093959,0.0,5.0106352940962555,,,0.0,,0.0,',',d,',d,,,,,,',',',',',0123.00 - Winnipeg,2021S05076020123.00,78500.0
0130.01,3.0,150.0,130.0,0.0,283.0,0.01060070671378092,0.5300353356890459,0.45936395759717313,0.0,5.648974238161206,,1.9,0.0,,1.3,',c,d,',d,,1010.0,1121.0,,1042.0,',b,b,',b,0130.01 - Winnipeg,2021S05076020130.01,76000.0
0130.02,0.0,617.0,541.0,29.0,,,,,,,,0.4,1.6,,0.9,',b,c,',a,,1058.0,1105.0,,1085.0,',a,a,',a,0130.02 - Winnipeg,2021S05076020130.02,65000.0
0131.00,0.0,30.0,64.0,3.0,97.0,0.0,0.30927835051546393,0.6597938144329897,0.030927835051546393,4.584967478670572,,,,,,',',',',',,,1111.0,,1027.0,',',d,',d,0131.00 - Winnipeg,2021S05076020131.00,65500.0
0132.00,2.0,134.0,32.0,0.0,168.0,0.011904761904761904,0.7976190476190477,0.19047619047619047,0.0,5.1298987149230735,,,,,,',',',',',,,,,,',',',',',0132.00 - Winnipeg,2021S05076020132.00,87000.0
0133.00,4.0,89.0,123.0,1.0,217.0,0.018433179723502304,0.41013824884792627,0.5668202764976958,0.004608294930875576,5.384495062789089,,,,,,',',',',',,,,,,',',',',',0133.00 - Winnipeg,2021S05076020133.00,77500.0
0134.00,48.0,421.0,211.0,3.0,683.0,0.07027818448023426,0.616398243045388,0.3089311859443631,0.004392386530014641,6.52795791762255,,0.7,0.4,,0.6,',b,b,',b,802.0,988.0,1307.0,,1084.0,a,a,b,',a,0134.00 - Winnipeg,2021S05076020134.00,75000.0
0140.01,0.0,90.0,199.0,87.0,376.0,0.0,0.2393617021276596,0.5292553191489362,0.23138297872340424,5.932245187448011,,,,,,',',',',',,,,,,',',',',',0140.01 - Winnipeg,2021S05076020140.01,83000.0
0140.02,0.0,25.0,48.0,16.0,89.0,0.0,0.2808988764044944,0.5393258426966292,0.1797752808988764,4.499809670330265,,,,,,',',',',',,,,,,',',',',',0140.02 - Winnipeg,2021S05076020140.02,110000.0
0140.04,16.0,331.0,928.0,126.0,,,,,,,0.0,0.3,0.4,0.0,0.4,a,a,a,d,a,1139.0,1381.0,1669.0,1784.0,1599.0,a,a,a,a,a,0140.04 - Winnipeg,2021S05076020140.04,95000.0
0140.05,0.0,97.0,378.0,40.0,515.0,0.0,0.1883495145631068,0.7339805825242719,0.07766990291262135,6.246106765481563,,0.0,0.4,0.0,0.3,',a,a,a,a,,1352.0,1594.0,1835.0,1564.0,',a,a,a,a,0140.05 - Winnipeg,2021S05076020140.05,101000.0
0141.01,34.0,398.0,383.0,70.0,885.0,0.0384180790960452,0.4497175141242938,0.4327683615819209,0.07909604519774012,6.786716950605081,,1.1,0.0,,0.6,',a,d,',b,,1419.0,1689.0,,1549.0,',a,a,',a,0141.01 - Winnipeg,2021S05076020141.01,71500.0
0141.02,25.0,488.0,290.0,2.0,805.0,0.031055900621118012,0.6062111801242236,0.36024844720496896,0.002484472049689441,6.692083742506628,,0.5,0.3,,0.4,',b,b,',b,869.0,1081.0,1201.0,,1118.0,b,a,b,',a,0141.02 - Winnipeg,2021S05076020141.02,60400.0
0142.01,4.0,218.0,166.0,0.0,388.0,0.010309278350515464,0.5618556701030928,0.42783505154639173,0.0,5.963579343618446,,,,,,',',',',',,1001.0,1276.0,,1118.0,',b,c,',b,0142.01 - Winnipeg,2021S05076020142.01,72500.0
0142.02,,,,,,,,,,,,,,,,,,,,,,,,,,,,,,,0142.02 - Winnipeg,2021S05076020142.02,114000.0
0142.03,43.0,,920.0,69.0,,,,,,,,0.2,1.0,,0.7,',b,a,',a,843.0,1280.0,1529.0,1653.0,1373.0,d,a,b,a,a,0142.03 - Winnipeg,2021S05076020142.03,51200.0
0142.04,,,,,,,,,,,,,,,,,,,,,,,,,,,,,,,0142.04 - Winnipeg,2021S05076020142.04,85000.0
0150.01,0.0,0.0,48.0,0.0,48.0,0.0,0.0,1.0,0.0,3.8918202981106265,,,,,,',',',',',,,,,,',',',',',0150.01 - Winnipeg,2021S05076020150.01,129000.0
0150.02,,,,,,,,,,,,,,,,,,,,,,,,,,,,,,,0150.02 - Winnipeg,2021S05076020150.02,155000.0
0160.00,0.0,6.0,0.0,0.0,6.0,0.0,1.0,0.0,0.0,1.9459101490553132,,,,,,',',',',',,,,,,',',',',',0160.00 - Winnipeg,2021S05076020160.00,107000.0
0161.01,,,,,,,,,,,,,,,,,,,,,,,,,,,,,,,0161.01 - Winnipeg,2021S05076020161.01,55600.0
0161.02,,,,,,,,,,,,,,,,,,,,,,,,,,,,,,,0161.02 - Winnipeg,2021S05076020161.02,80000.0
0500.01,2.0,508.0,593.0,76.0,,,,,,,,,3.0,,2.5,',',d,',c,,1132.0,1343.0,,1268.0,',a,a,',a,0500.01 - Winnipeg,2021S05076020500.01,65500.0
0500.02,0.0,27.0,70.0,6.0,103.0,0.0,0.2621359223300971,0.6796116504854369,0.05825242718446602,4.6443908991413725,,,,,,',',',',',,,,,,',',',',',0500.02 - Winnipeg,2021S05076020500.02,90000.0
0500.04,8.0,224.0,324.0,12.0,568.0,0.014084507042253521,0.39436619718309857,0.5704225352112676,0.02112676056338028,6.343880434126331,,2.1,1.2,,1.7,',a,d,',b,,1133.0,1222.0,,1181.0,',a,a,',a,0500.04 - Winnipeg,2021S05076020500.04,68000.0
0500.07,,,,,,,,,,,,,,,,,,,,,,,,,,,,,,,0500.07 - Winnipeg,2021S05076020500.07,116000.0
0500.08,0.0,16.0,65.0,3.0,84.0,0.0,0.19047619047619047,0.7738095238095238,0.03571428571428571,4.442651256490317,,,,,,',',',',',,,,,,',',',',',0500.08 - Winnipeg,2021S05076020500.08,139000.0
0500.09,,,,,,,,,,,,,,,,,,,,,,,,,,,,,,,0500.09 - Winnipeg,2021S05076020500.09,131000.0
0500.10,0.0,183.0,147.0,0.0,330.0,0.0,0.5545454545454546,0.44545454545454544,0.0,5.802118375377063,,,,,,',',',',',,,,,,',',',',',0500.10 - Winnipeg,2021S05076020500.10,87000.0
0500.11,0.0,55.0,269.0,12.0,336.0,0.0,0.1636904761904762,0.8005952380952381,0.03571428571428571,5.820082930352362,,0.0,0.3,,0.3,',a,a,',a,,1404.0,1699.0,,1663.0,',a,a,',a,0500.11 - Winnipeg,2021S05076020500.11,108000.0
0500.12,0.0,65.0,363.0,50.0,478.0,0.0,0.13598326359832635,0.7594142259414226,0.10460251046025104,6.171700597410915,,,,,,',',',',',,,,,,',',',',',0500.12 - Winnipeg,2021S05076020500.12,107000.0
0500.13,0.0,296.0,422.0,87.0,805.0,0.0,0.36770186335403726,0.5242236024844721,0.10807453416149068,6.692083742506628,,,0.6,,1.8,',',b,',c,,1514.0,1762.0,2035.0,1698.0,',a,a,a,a,0500.13 - Winnipeg,2021S05076020500.13,103000.0
0501.01,51.0,626.0,950.0,68.0,,,,,,,,1.8,1.6,,1.6,',c,b,',b,877.0,1159.0,1297.0,,1244.0,a,a,a,',a,0501.01 - Winnipeg,2021S05076020501.01,52000.0
0501.02,0.0,118.0,284.0,76.0,478.0,0.0,0.24686192468619247,0.5941422594142259,0.1589958158995816,6.171700597410915,,,,,,',',',',',,1375.0,1585.0,1796.0,1561.0,',c,b,b,b,0501.02 - Winnipeg,2021S05076020501.02,88000.0
0501.03,26.0,775.0,953.0,50.0,,,,,,,,0.8,1.7,,1.2,',a,c,',a,936.0,1410.0,1419.0,,1421.0,d,b,b,',b,0501.03 - Winnipeg,2021S05076020501.03,59200.0
0502.00,,,,,,,,,,,,,,,,,,,,,,,,,,,,,,,0502.00 - Winnipeg,2021S05076020502.00,93000.0
0503.00,8.0,21.0,10.0,0.0,39.0,0.20512820512820512,0.5384615384615384,0.2564102564102564,0.0,3.6888794541139363,,,,,,',',',',',,,,,,',',',',',0503.00 - Winnipeg,2021S05076020503.00,106000.0
0510.02,,,,,,,,,,,,,,,,,,,,,,,,,,,,,,,0510.02 - Winnipeg,2021S05076020510.02,141000.0
0510.03,12.0,553.0,930.0,98.0,,,,,,,,0.5,0.1,2.9,0.5,',a,b,a,a,,1561.0,2136.0,2473.0,1927.0,',a,c,a,b,0510.03 - Winnipeg,2021S05076020510.03,78500.0
0510.06,,,,,,,,,,,,,,,,,,,,,,,,,,,,,,,0510.06 - Winnipeg,2021S05076020510.06,151000.0
0520.02,0.0,41.0,42.0,0.0,83.0,0.0,0.4939759036144578,0.5060240963855421,0.0,4.430816798843313,,,,,,',',',',',,,,,,',',',',',0520.02 - Winnipeg,2021S05076020520.02,125000.0
0520.03,0.0,142.0,132.0,10.0,284.0,0.0,0.5,0.4647887323943662,0.035211267605633804,5.652489180268651,,,,,,',',',',',,,,,,',',',',',0520.03 - Winnipeg,2021S05076020520.03,96000.0
0520.04,0.0,3.0,57.0,0.0,60.0,0.0,0.05,0.95,0.0,4.110873864173311,,,,,,',',',',',,,,,,',',',',',0520.04 - Winnipeg,2021S05076020520.04,138000.0
0520.05,,,,,,,,,,,,,,,,,,,,,,,,,,,,,,,0520.05 - Winnipeg,2021S05076020520.05,159000.0
0521.01,0.0,28.0,32.0,0.0,60.0,0.0,0.4666666666666667,0.5333333333333333,0.0,4.110873864173311,,,,,,',',',',',,,,,,',',',',',0521.01 - Winnipeg,2021S05076020521.01,114000.0
0521.02,,,,,,,,,,,,,,,,,,,,,,,,,,,,,,,0521.02 - Winnipeg,2021S05076020521.02,97000.0
0522.01,27.0,138.0,88.0,0.0,253.0,0.1067193675889328,0.5454545454545454,0.34782608695652173,0.0,5.537334267018537,,,,,,',',',',',,,,,,',',',',',0522.01 - Winnipeg,2021S05076020522.01,90000.0
0522.02,12.0,34.0,12.0,0.0,58.0,0.20689655172413793,0.5862068965517241,0.20689655172413793,0.0,4.07753744390572,,,,,,',',',',',,,,,,',',',',',0522.02 - Winnipeg,2021S05076020522.02,112000.0
0530.00,34.0,189.0,159.0,5.0,387.0,0.08785529715762273,0.4883720930232558,0.4108527131782946,0.012919896640826873,5.961005339623274,,0.0,,,0.6,',d,',',b,,1144.0,,,1251.0,',b,',',b,0530.00 - Winnipeg,2021S05076020530.00,71500.0
0531.00,57.0,168.0,188.0,1.0,414.0,0.13768115942028986,0.4057971014492754,0.45410628019323673,0.0024154589371980675,6.028278520230698,,,,,,',',',',',,,,,,',',',',',0531.00 - Winnipeg,2021S05076020531.00,73000.0
0532.00,6.0,24.0,6.0,2.0,38.0,0.15789473684210525,0.631578947368421,0.15789473684210525,0.05263157894736842,3.6635616461296463,,,,,,',',',',',,,,,,',',',',',0532.00 - Winnipeg,2021S05076020532.00,84000.0
0533.00,89.0,157.0,46.0,0.0,292.0,0.3047945205479452,0.5376712328767124,0.15753424657534246,0.0,5.680172609017068,,,,,,',',',',',,1117.0,,,,',d,',',',0533.00 - Winnipeg,2021S05076020533.00,90000.0
0534.00,54.0,397.0,698.0,8.0,,,,,,,,2.5,1.7,,1.9,',c,b,',b,828.0,1078.0,1273.0,,1196.0,d,b,a,',a,0534.00 - Winnipeg,2021S05076020534.00,71000.0
0535.00,1.0,14.0,14.0,0.0,29.0,0.034482758620689655,0.4827586206896552,0.4827586206896552,0.0,3.4011973816621555,,,,,,',',',',',,,,,,',',',',',0535.00 - Winnipeg,2021S05076020535.00,86000.0
0536.00,79.0,659.0,665.0,69.0,,,,,,,,1.6,3.7,,2.8,',a,c,',a,,1134.0,1376.0,1745.0,1270.0,',a,a,b,a,0536.00 - Winnipeg,2021S05076020536.00,73000.0
0537.01,14.0,112.0,256.0,23.0,405.0,0.0345679012345679,0.2765432098765432,0.6320987654320988,0.056790123456790124,6.0063531596017325,,,,,,',',',',',,,,,,',',',',',0537.01 - Winnipeg,2021S05076020537.01,74500.0
0537.02,,,,,,,,,,,,,,,,,,,,,,,,,,,,,,,0537.02 - Winnipeg,2021S05076020537.02,114000.0
0537.03,0.0,93.0,47.0,0.0,140.0,0.0,0.6642857142857143,0.3357142857142857,0.0,4.948759890378168,,,,,,',',',',',,,,,,',',',',',0537.03 - Winnipeg,2021S05076020537.03,94000.0
0538.00,0.0,36.0,60.0,0.0,96.0,0.0,0.375,0.625,0.0,4.574710978503383,,,,,26.0,',',',',a,,,,,1097.0,',',',',a,0538.00 - Winnipeg,2021S05076020538.00,90000.0
0539.01,,,,,,,,,,,,,,,,,,,,,,,,,,,,,,,0539.01 - Winnipeg,2021S05076020539.01,94000.0
0539.02,21.0,220.0,293.0,40.0,574.0,0.036585365853658534,0.3832752613240418,0.5104529616724739,0.06968641114982578,6.354370040797351,0.0,0.7,0.4,,0.5,a,b,a,',b,868.0,1018.0,1211.0,,1125.0,a,b,b,',b,0539.02 - Winnipeg,2021S05076020539.02,74500.0
0540.01,,,,,,,,,,,,,,,,,,,,,,,,,,,,,,,0540.01 - Winnipeg,2021S05076020540.01,105000.0
0540.02,2.0,176.0,139.0,0.0,317.0,0.006309148264984227,0.555205047318612,0.4384858044164038,0.0,5.762051382780177,,0.0,1.0,,0.4,',a,a,',a,,1050.0,1252.0,,1135.0,',a,a,',a,0540.02 - Winnipeg,2021S05076020540.02,79000.0
0540.03,17.0,377.0,547.0,67.0,,,,,,,,0.3,0.8,0.0,0.6,',b,a,a,a,,1143.0,1437.0,1678.0,1332.0,',b,b,a,b,0540.03 - Winnipeg,2021S05076020540.03,70500.0
0540.04,6.0,171.0,135.0,0.0,312.0,0.019230769230769232,0.5480769230769231,0.4326923076923077,0.0,5.746203190540153,,,,,,',',',',',,,,,,',',',',',0540.04 - Winnipeg,2021S05076020540.04,74000.0
0541.00,,,,,,,,,,,,,,,,,,,,,,,,,,,,,,,0541.00 - Winnipeg,2021S05076020541.00,
0542.00,,,,,,,,,,,,,,,,,,,,,,,,,,,,,,,0542.00 - Winnipeg,2021S05076020542.00,75500.0
0550.00,3.0,29.0,19.0,0.0,51.0,0.058823529411764705,0.5686274509803921,0.37254901960784315,0.0,3.9512437185814275,,,,,,',',',',',,,,,,',',',',',0550.00 - Winnipeg,2021S05076020550.00,90000.0
0551.00,4.0,159.0,99.0,3.0,265.0,0.01509433962264151,0.6,0.37358490566037733,0.011320754716981131,5.583496308781699,,0.0,,,,',d,',',',,936.0,1013.0,,955.0,',a,b,',a,0551.00 - Winnipeg,2021S05076020551.00,77000.0
0552.01,0.0,130.0,158.0,76.0,364.0,0.0,0.35714285714285715,0.4340659340659341,0.2087912087912088,5.8998973535824915,,,0.6,,0.5,',',b,',b,,,,,,',',',',',0552.01 - Winnipeg,2021S05076020552.01,91000.0
0552.02,32.0,140.0,221.0,10.0,403.0,0.0794044665012407,0.34739454094292804,0.5483870967741935,0.02481389578163772,6.0014148779611505,,,,,,',',',',',,,,,,',',',',',0552.02 - Winnipeg,2021S05076020552.02,72000.0
0553.00,4.0,557.0,391.0,2.0,954.0,0.0041928721174004195,0.5838574423480084,0.40985324947589097,0.0020964360587002098,6.86171134048073,,1.1,1.1,,1.1,',d,d,',d,,1005.0,1160.0,,1062.0,',b,b,',b,0553.00 - Winnipeg,2021S05076020553.00,61200.0
0560.01,0.0,7.0,41.0,25.0,73.0,0.0,0.0958904109589041,0.5616438356164384,0.3424657534246575,4.30406509320417,,,,,,',',',',',,,,,,',',',',',0560.01 - Winnipeg,2021S05076020560.01,106000.0
0560.04,0.0,176.0,145.0,44.0,365.0,0.0,0.4821917808219178,0.3972602739726027,0.12054794520547946,5.902633333401366,,,,,,',',',',',,,,,,',',',',',0560.04 - Winnipeg,2021S05076020560.04,91000.0
0560.05,1.0,71.0,63.0,4.0,139.0,0.007194244604316547,0.5107913669064749,0.45323741007194246,0.02877697841726619,4.941642422609304,,,,,,',',',',',,,,,,',',',',',0560.05 - Winnipeg,2021S05076020560.05,75500.0
0560.08,,,,,,,,,,,,,,,,,,,,,,,,,,,,,,,0560.08 - Winnipeg,2021S05076020560.08,138000.0
0560.09,0.0,87.0,162.0,21.0,270.0,0.0,0.32222222222222224,0.6,0.07777777777777778,5.602118820879701,,,,,,',',',',',,,,,,',',',',',0560.09 - Winnipeg,2021S05076020560.09,116000.0
0560.10,0.0,189.0,821.0,59.0,,,,,,,,0.7,0.6,,1.0,',b,a,',a,,1403.0,1630.0,2097.0,1615.0,',a,a,a,a,0560.10 - Winnipeg,2021S05076020560.10,94000.0
0560.11,0.0,96.0,214.0,43.0,353.0,0.0,0.2719546742209632,0.6062322946175638,0.12181303116147309,5.869296913133774,,1.0,1.4,0.0,1.1,',a,a,a,a,,1476.0,1647.0,1840.0,1624.0,',a,a,a,a,0560.11 - Winnipeg,2021S05076020560.11,102000.0
0560.12,0.0,68.0,82.0,21.0,171.0,0.0,0.39766081871345027,0.47953216374269003,0.12280701754385964,5.147494476813453,,,,,,',',',',',,,,,,',',',',',0560.12 - Winnipeg,2021S05076020560.12,118000.0
0560.13,0.0,0.0,305.0,0.0,305.0,0.0,0.0,1.0,0.0,5.723585101952381,,,0.0,,0.0,',',a,',a,,,1578.0,,1578.0,',',a,',a,0560.13 - Winnipeg,2021S05076020560.13,98000.0
0560.14,0.0,42.0,169.0,2.0,213.0,0.0,0.19718309859154928,0.7934272300469484,0.009389671361502348,5.365976015021851,,,,,,',',',',',,,,,,',',',',',0560.14 - Winnipeg,2021S05076020560.14,67000.0
0560.15,0.0,314.0,225.0,50.0,589.0,0.0,0.533106960950764,0.38200339558573854,0.08488964346349745,6.380122536899765,,,,,,',',',',',,,,,,',',',',',0560.15 - Winnipeg,2021S05076020560.15,84000.0
0570.00,0.0,12.0,24.0,18.0,54.0,0.0,0.2222222222222222,0.4444444444444444,0.3333333333333333,4.007333185232471,,,,,,',',',',',,,,,,',',',',',0570.00 - Winnipeg,2021S05076020570.00,123000.0
0580.00,,,,,,,,,,,,,,,,,,,,,,,,,,,,,,,0580.00 - Winnipeg,2021S05076020580.00,120000.0
0585.00,,,,,,,,,,,,,,,,,,,,,,,,,,,,,,,0585.00 - Winnipeg,2021S05076020585.00,95000.0
0590.02,0.0,0.0,8.0,4.0,12.0,0.0,0.0,0.6666666666666666,0.3333333333333333,2.5649493574615367,,,,,,',',',',',,,,,,',',',',',0590.02 - Winnipeg,2021S05076020590.02,103000.0
0590.03,8.0,2.0,16.0,17.0,43.0,0.18604651162790697,0.046511627906976744,0.37209302325581395,0.3953488372093023,3.784189633918261,,,,,,',',',',',,,,,,',',',',',0590.03 - Winnipeg,2021S05076020590.03,126000.0
0590.04,,,,,,,,,,,,,,,,,,,,,,,,,,,,,,,0590.04 - Winnipeg,2021S05076020590.04,100000.0
0595.01,0.0,0.0,30.0,72.0,102.0,0.0,0.0,0.29411764705882354,0.7058823529411765,4.634728988229636,,,,,,',',',',',,,,,,',',',',',0595.01 - Winnipeg,2021S05076020595.01,106000.0
0595.02,,,,,,,,,,,,,,,,,,,,,,,,,,,,,,,0595.02 - Winnipeg,2021S05076020595.02,114000.0
0600.00,,,,,,,,,,,,,,,,,,,,,,,,,,,,,,,0600.00 - Winnipeg,2021S05076020600.00,109000.0
0700.00,0.0,0.0,46.0,0.0,46.0,0.0,0.0,1.0,0.0,3.8501476017100584,,,,,,',',',',',,,,,,',',',',',0700.00 - Winnipeg,2021S05076020700.00,135000.0
0800.00,1.0,15.0,36.0,12.0,64.0,0.015625,0.234375,0.5625,0.1875,4.174387269895637,,0.0,,,,',a,',',',,994.0,999.0,,1068.0,',a,c,',b,0800.00 - Winnipeg,2021S05076020800.00,102000.0
