ct_id,geo,units_total,units_bachelor,units_1br,units_2br,units_3br_plus,share_bachelor,share_1br,share_2br,share_3br_plus,rent_bachelor,rent_1br,rent_2br,rent_3br_plus,rent_total,vacancy_bachelor,vacancy_1br,vacancy_2br,vacancy_3br_plus,vacancy_total,median_household_income_2020,annual_rent_total,rent_income_pct,affordability_tier
1.0,0001.00 - Winnipeg,330.0,18.0,191.0,121.0,0.0,0.0545454545454545,0.5787878787878787,0.3666666666666666,0.0,760.0,968.0,1169.0,,1017.0,,0.0,0.0,,0.0,84000.0,12204.0,14.52857142857143,Lower relative burden
2.0,0002.00 - Winnipeg,384.0,19.0,181.0,159.0,25.0,0.0494791666666666,0.4713541666666667,0.4140625,0.0651041666666666,,1223.0,,,1379.0,,0.0,,,0.2,73500.0,16548.0,22.51428571428572,Higher relative burden
3.0,0003.00 - Winnipeg,673.0,20.0,451.0,194.0,8.0,0.0297176820208023,0.6701337295690936,0.288261515601783,0.0118870728083209,727.0,1008.0,1317.0,,1106.0,0.0,1.2,0.0,,0.8,68500.0,13272.0,19.375182481751825,Higher relative burden
4.01,0004.01 - Winnipeg,790.0,23.0,442.0,317.0,8.0,0.0291139240506329,0.5594936708860759,0.4012658227848101,0.010126582278481,,1140.0,1419.0,,1246.0,,,,,,74000.0,14952.0,20.205405405405404,Higher relative burden
4.02,0004.02 - Winnipeg,816.0,49.0,359.0,360.0,48.0,0.0600490196078431,0.4399509803921568,0.4411764705882353,0.0588235294117647,744.0,963.0,1130.0,,1052.0,,,0.4,,0.7,57600.0,12624.0,21.916666666666668,Higher relative burden
5.0,0005.00 - Winnipeg,,,,,,,,,,,,,,,,,,,,127000.0,,,
6.0,0006.00 - Winnipeg,571.0,0.0,117.0,350.0,104.0,0.0,0.2049036777583187,0.6129597197898424,0.1821366024518388,,,,,,,,,,,69000.0,,,
7.0,0007.00 - Winnipeg,202.0,0.0,80.0,121.0,1.0,0.0,0.396039603960396,0.599009900990099,0.0049504950495049,,980.0,1188.0,,1106.0,,,0.0,,,88000.0,13272.0,15.081818181818182,Lower relative burden
8.0,0008.00 - Winnipeg,31.0,0.0,30.0,1.0,0.0,0.0,0.967741935483871,0.032258064516129,0.0,,,,,,,,,,,137000.0,,,
9.0,0009.00 - Winnipeg,,,,,,,,,,,,,,,,,,,,126000.0,,,
10.0,0010.00 - Winnipeg,509.0,36.0,233.0,223.0,17.0,0.0707269155206286,0.4577603143418468,0.4381139489194499,0.0333988212180746,,1045.0,,,1258.0,,0.0,,,,103000.0,15096.0,14.65631067961165,Lower relative burden
11.0,0011.00 - Winnipeg,,66.0,,,46.0,,,,,903.0,1233.0,1654.0,,1416.0,0.0,1.6,2.7,,2.0,67500.0,16992.0,25.17333333333333,Highest relative burden
12.0,0012.00 - Winnipeg,,159.0,,795.0,52.0,,,,,,998.0,1256.0,1568.0,1112.0,,0.1,0.3,0.0,0.3,49600.0,13344.0,26.903225806451616,Highest relative burden
13.0,0013.00 - Winnipeg,,420.0,702.0,224.0,6.0,,,,,870.0,1290.0,1782.0,,1249.0,2.6,3.2,7.0,,3.6,50400.0,14988.0,29.73809523809524,Highest relative burden
14.0,0014.00 - Winnipeg,,567.0,,,18.0,,,,,803.0,1043.0,1425.0,,1105.0,5.5,3.2,2.7,,3.4,47200.0,13260.0,28.09322033898305,Highest relative burden
15.0,0015.00 - Winnipeg,,512.0,,576.0,42.0,,,,,770.0,948.0,1268.0,1791.0,1013.0,3.5,3.3,4.2,4.3,3.6,37600.0,12156.0,32.32978723404255,Highest relative burden
16.0,0016.00 - Winnipeg,364.0,48.0,146.0,153.0,17.0,0.1318681318681318,0.4010989010989011,0.4203296703296703,0.0467032967032967,,1065.0,,,,,0.0,,,,55600.0,,,
17.0,0017.00 - Winnipeg,250.0,22.0,167.0,56.0,5.0,0.088,0.668,0.224,0.02,712.0,967.0,,,952.0,,,,,0.6,76000.0,11424.0,15.031578947368422,Lower relative burden
18.0,0018.00 - Winnipeg,111.0,34.0,58.0,18.0,1.0,0.3063063063063063,0.5225225225225225,0.1621621621621621,0.009009009009009,,,,,,,,,,,81000.0,,,
19.0,0019.00 - Winnipeg,122.0,0.0,42.0,80.0,0.0,0.0,0.3442622950819672,0.6557377049180327,0.0,,,,,,,,,,,78000.0,,,
20.0,0020.00 - Winnipeg,72.0,0.0,32.0,40.0,0.0,0.0,0.4444444444444444,0.5555555555555556,0.0,,,,,,,,,,,79500.0,,,
21.0,0021.00 - Winnipeg,744.0,226.0,394.0,121.0,3.0,0.303763440860215,0.5295698924731183,0.1626344086021505,0.0040322580645161,628.0,723.0,902.0,,757.0,,,,,4.5,63200.0,9084.0,14.373417721518988,Lower relative burden
22.0,0022.00 - Winnipeg,798.0,159.0,462.0,158.0,19.0,0.1992481203007518,0.5789473684210527,0.1979949874686716,0.0238095238095238,815.0,812.0,1068.0,,853.0,,,,,,37600.0,10236.0,27.22340425531915,Highest relative burden
23.0,0023.00 - Winnipeg,,325.0,673.0,349.0,9.0,,,,,742.0,923.0,1051.0,,912.0,4.8,3.8,3.6,,4.0,39600.0,10944.0,27.63636363636364,Highest relative burden
24.0,0024.00 - Winnipeg,224.0,13.0,116.0,95.0,0.0,0.0580357142857142,0.5178571428571429,0.4241071428571428,0.0,,1266.0,1578.0,,1379.0,,4.1,5.5,,4.9,75000.0,16548.0,22.064,Higher relative burden
25.0,0025.00 - Winnipeg,360.0,12.0,246.0,97.0,5.0,0.0333333333333333,0.6833333333333333,0.2694444444444444,0.0138888888888888,,,,,,,,,,,45600.0,,,
26.0,0026.00 - Winnipeg,90.0,19.0,38.0,28.0,5.0,0.2111111111111111,0.4222222222222222,0.3111111111111111,0.0555555555555555,,707.0,,,632.0,,,,,,40400.0,7584.0,18.77227722772277,Moderate relative burden
27.0,0027.00 - Winnipeg,68.0,0.0,48.0,20.0,0.0,0.0,0.7058823529411765,0.2941176470588235,0.0,,,,,,,,,,,57200.0,,,
28.0,0028.00 - Winnipeg,681.0,82.0,380.0,211.0,8.0,0.1204111600587371,0.5580029368575624,0.3098384728340675,0.0117474302496328,634.0,701.0,921.0,,747.0,,,,,,55200.0,8964.0,16.23913043478261,Lower relative burden
29.0,0029.00 - Winnipeg,175.0,7.0,132.0,33.0,3.0,0.04,0.7542857142857143,0.1885714285714285,0.0171428571428571,,,,,,,0.0,,,0.0,74500.0,,,
30.0,0030.00 - Winnipeg,208.0,26.0,147.0,35.0,0.0,0.125,0.7067307692307693,0.1682692307692307,0.0,,,,,,,,,,,83000.0,,,
31.0,0031.00 - Winnipeg,,,,,,,,,,,,,,,,,,,,78500.0,,,
32.0,0032.00 - Winnipeg,108.0,5.0,74.0,28.0,1.0,0.0462962962962962,0.6851851851851852,0.2592592592592592,0.0092592592592592,,675.0,788.0,,702.0,,,,,,66500.0,8424.0,12.66766917293233,Lower relative burden
33.0,0033.00 - Winnipeg,,,,,,,,,,,,,,,,,,,,65000.0,,,
34.0,0034.00 - Winnipeg,43.0,0.0,22.0,20.0,1.0,0.0,0.5116279069767442,0.4651162790697674,0.0232558139534883,,,,,,,,,,,39600.0,,,
35.0,0035.00 - Winnipeg,56.0,9.0,21.0,17.0,9.0,0.1607142857142857,0.375,0.3035714285714285,0.1607142857142857,,,,,,,,,,,49200.0,,,
36.0,0036.00 - Winnipeg,29.0,2.0,17.0,10.0,0.0,0.0689655172413793,0.5862068965517241,0.3448275862068966,0.0,,,,,,,,,,,38400.0,,,
37.0,0037.00 - Winnipeg,,,,,,,,,,,,,,,,,,,,74000.0,,,
38.0,0038.00 - Winnipeg,801.0,73.0,446.0,257.0,25.0,0.0911360799001248,0.5568039950062422,0.3208489388264669,0.031210986267166,694.0,926.0,1089.0,,966.0,,3.7,5.2,,3.9,57600.0,11592.0,20.125,Higher relative burden
39.0,0039.00 - Winnipeg,440.0,43.0,270.0,124.0,3.0,0.0977272727272727,0.6136363636363636,0.2818181818181818,0.0068181818181818,726.0,824.0,929.0,,840.0,,,0.0,,,61200.0,10080.0,16.470588235294116,Moderate relative burden
40.0,0040.00 - Winnipeg,25.0,0.0,15.0,10.0,0.0,0.0,0.6,0.4,0.0,,,,,,,,,,,83000.0,,,
41.0,0041.00 - Winnipeg,72.0,10.0,36.0,25.0,1.0,0.1388888888888889,0.5,0.3472222222222222,0.0138888888888888,673.0,797.0,834.0,,788.0,8.5,,,,,73000.0,9456.0,12.953424657534246,Lower relative burden
42.0,0042.00 - Winnipeg,233.0,13.0,114.0,106.0,0.0,0.055793991416309,0.4892703862660944,0.4549356223175965,0.0,,664.0,831.0,,726.0,,,,,,51600.0,8712.0,16.883720930232556,Moderate relative burden
43.0,0043.00 - Winnipeg,92.0,10.0,46.0,34.0,2.0,0.108695652173913,0.5,0.3695652173913043,0.0217391304347826,,654.0,781.0,,737.0,,,,,,46400.0,8844.0,19.060344827586206,Moderate relative burden
44.0,0044.00 - Winnipeg,103.0,0.0,81.0,22.0,0.0,0.0,0.7864077669902912,0.2135922330097087,0.0,,,,,,,,,,,62000.0,,,
45.0,0045.00 - Winnipeg,184.0,4.0,109.0,66.0,5.0,0.0217391304347826,0.592391304347826,0.358695652173913,0.0271739130434782,,640.0,,,692.0,,,,,,62400.0,8304.0,13.307692307692308,Lower relative burden
46.0,0046.00 - Winnipeg,253.0,5.0,135.0,109.0,4.0,0.0197628458498023,0.5335968379446641,0.4308300395256917,0.0158102766798418,,800.0,919.0,,847.0,,9.6,,,7.9,62000.0,10164.0,16.393548387096775,Lower relative burden
47.0,0047.00 - Winnipeg,73.0,0.0,46.0,27.0,0.0,0.0,0.6301369863013698,0.3698630136986301,0.0,,781.0,,,790.0,,2.5,,,1.6,74000.0,9480.0,12.81081081081081,Lower relative burden
48.0,0048.00 - Winnipeg,4.0,1.0,2.0,1.0,0.0,0.25,0.5,0.25,0.0,,,,,,,,,,,82000.0,,,
49.0,0049.00 - Winnipeg,7.0,1.0,4.0,2.0,0.0,0.1428571428571428,0.5714285714285714,0.2857142857142857,0.0,,,,,,,,,,,94000.0,,,
50.01,0050.01 - Winnipeg,22.0,0.0,13.0,9.0,0.0,0.0,0.5909090909090909,0.4090909090909091,0.0,,,,,,,,,,,60800.0,,,
50.02,0050.02 - Winnipeg,104.0,5.0,63.0,36.0,0.0,0.048076923076923,0.6057692307692307,0.3461538461538461,0.0,,947.0,,,982.0,,,,,,87000.0,11784.0,13.544827586206898,Lower relative burden
51.01,0051.01 - Winnipeg,223.0,2.0,58.0,130.0,33.0,0.0089686098654708,0.2600896860986547,0.5829596412556054,0.147982062780269,,,1539.0,,1575.0,,1.7,1.6,,1.4,111000.0,18900.0,17.027027027027028,Moderate relative burden
51.02,0051.02 - Winnipeg,,,,,,,,,,,,,,,,,,,,110000.0,,,
51.03,0051.03 - Winnipeg,214.0,0.0,71.0,107.0,36.0,0.0,0.3317757009345794,0.5,0.1682242990654205,,,,,,,,,,,93000.0,,,
52.0,0052.00 - Winnipeg,,,,,,,,,,,,,,,,,,,,,,,
100.01,0100.01 - Winnipeg,60.0,0.0,8.0,52.0,0.0,0.0,0.1333333333333333,0.8666666666666667,0.0,,,,,,,,,,,125000.0,,,
100.02,0100.02 - Winnipeg,,,,,,,,,,,,,,,,,,,,144000.0,,,
100.05,0100.05 - Winnipeg,165.0,0.0,51.0,114.0,0.0,0.0,0.3090909090909091,0.6909090909090909,0.0,,,,,,,,,,,90000.0,,,
100.06,0100.06 - Winnipeg,621.0,0.0,159.0,452.0,10.0,0.0,0.2560386473429952,0.7278582930756844,0.0161030595813204,,1352.0,1796.0,,1652.0,,1.4,,,0.5,86000.0,19824.0,23.051162790697678,Highest relative burden
100.07,0100.07 - Winnipeg,190.0,0.0,15.0,166.0,9.0,0.0,0.0789473684210526,0.8736842105263158,0.0473684210526315,,,,,,,,,,,80000.0,,,
100.09,0100.09 - Winnipeg,,,,,,,,,,,,,,,,,,,,133000.0,,,
100.1,0100.10 - Winnipeg,144.0,0.0,36.0,108.0,0.0,0.0,0.25,0.75,0.0,,,,,,,,,,,105000.0,,,
101.01,0101.01 - Winnipeg,446.0,2.0,241.0,199.0,4.0,0.0044843049327354,0.5403587443946188,0.4461883408071749,0.0089686098654708,,1174.0,1265.0,,1223.0,,0.7,0.4,,0.5,91000.0,14676.0,16.127472527472527,Lower relative burden
101.02,0101.02 - Winnipeg,,,,,,,,,,,,,,,,,,,,109000.0,,,
102.01,0102.01 - Winnipeg,244.0,0.0,66.0,150.0,28.0,0.0,0.2704918032786885,0.6147540983606558,0.1147540983606557,,,,,,,,,,,79500.0,,,
102.02,0102.02 - Winnipeg,839.0,40.0,483.0,310.0,6.0,0.0476758045292014,0.5756853396901073,0.3694874851013111,0.0071513706793802,893.0,1158.0,1284.0,,1194.0,,3.3,0.0,,1.7,63200.0,14328.0,22.67088607594937,Higher relative burden
102.03,0102.03 - Winnipeg,733.0,11.0,366.0,344.0,12.0,0.015006821282401,0.4993178717598908,0.4693042291950887,0.0163710777626193,,1009.0,1345.0,,1204.0,,,,,,60400.0,14448.0,23.920529801324506,Highest relative burden
102.04,0102.04 - Winnipeg,914.0,44.0,533.0,294.0,43.0,0.0481400437636761,0.5831509846827133,0.3216630196936542,0.0470459518599562,,1109.0,1247.0,1557.0,1174.0,,0.0,0.6,0.0,0.3,50800.0,14088.0,27.732283464566933,Highest relative burden
103.0,0103.00 - Winnipeg,98.0,4.0,68.0,26.0,0.0,0.0408163265306122,0.6938775510204082,0.2653061224489796,0.0,,,,,,,,,,,92000.0,,,
104.0,0104.00 - Winnipeg,899.0,18.0,413.0,449.0,19.0,0.0200222469410456,0.4593993325917686,0.4994438264738598,0.0211345939933259,,1156.0,1344.0,,1262.0,,,0.5,,0.4,63600.0,15144.0,23.81132075471698,Highest relative burden
105.0,0105.00 - Winnipeg,279.0,3.0,226.0,49.0,1.0,0.010752688172043,0.8100358422939068,0.1756272401433691,0.003584229390681,,,,,,,,,,,81000.0,,,
110.01,0110.01 - Winnipeg,499.0,2.0,85.0,405.0,7.0,0.0040080160320641,0.1703406813627254,0.811623246492986,0.0140280561122244,,1224.0,1726.0,,1641.0,,0.0,0.2,,0.2,88000.0,19692.0,22.377272727272725,Higher relative burden
110.02,0110.02 - Winnipeg,274.0,0.0,80.0,194.0,0.0,0.0,0.291970802919708,0.708029197080292,0.0,,,1561.0,,1483.0,,,,,,101000.0,17796.0,17.61980198019802,Moderate relative burden
110.04,0110.04 - Winnipeg,324.0,80.0,72.0,160.0,12.0,0.2469135802469135,0.2222222222222222,0.4938271604938271,0.037037037037037,,,,,,,,,,,113000.0,,,
110.06,0110.06 - Winnipeg,307.0,0.0,86.0,221.0,0.0,0.0,0.2801302931596091,0.7198697068403909,0.0,,,1427.0,,1336.0,,,,,,124000.0,16032.0,12.929032258064517,Lower relative burden
110.08,0110.08 - Winnipeg,915.0,9.0,271.0,600.0,35.0,0.0098360655737704,0.2961748633879781,0.6557377049180327,0.0382513661202185,,1606.0,1820.0,2160.0,1774.0,,,0.2,,0.1,126000.0,21288.0,16.895238095238096,Moderate relative burden
110.09,0110.09 - Winnipeg,252.0,2.0,75.0,125.0,50.0,0.0079365079365079,0.2976190476190476,0.496031746031746,0.1984126984126984,,,,,,,,,,,140000.0,,,
111.0,0111.00 - Winnipeg,220.0,5.0,131.0,84.0,0.0,0.0227272727272727,0.5954545454545455,0.3818181818181818,0.0,,,,,,,,,,,94000.0,,,
112.01,0112.01 - Winnipeg,152.0,8.0,71.0,73.0,0.0,0.0526315789473684,0.4671052631578947,0.4802631578947368,0.0,,,,,,,,,,,86000.0,,,
112.02,0112.02 - Winnipeg,360.0,5.0,156.0,192.0,7.0,0.0138888888888888,0.4333333333333333,0.5333333333333333,0.0194444444444444,,878.0,,,939.0,,,,,,80000.0,11268.0,14.085,Lower relative burden
113.0,0113.00 - Winnipeg,220.0,16.0,116.0,72.0,16.0,0.0727272727272727,0.5272727272727272,0.3272727272727272,0.0727272727272727,,1011.0,1275.0,,1109.0,,0.0,,,0.7,72500.0,13308.0,18.35586206896552,Moderate relative burden
114.0,0114.00 - Winnipeg,364.0,23.0,267.0,73.0,1.0,0.0631868131868131,0.7335164835164835,0.2005494505494505,0.0027472527472527,,890.0,,,963.0,,,,,,63200.0,11556.0,18.28481012658228,Moderate relative burden
115.0,0115.00 - Winnipeg,201.0,23.0,91.0,86.0,1.0,0.1144278606965174,0.4527363184079602,0.4278606965174129,0.0049751243781094,,874.0,1107.0,,964.0,,0.0,0.0,,0.0,93000.0,11568.0,12.438709677419354,Lower relative burden
116.0,0116.00 - Winnipeg,,75.0,618.0,358.0,16.0,,,,,913.0,1006.0,1333.0,,1124.0,0.0,,0.0,,0.5,52800.0,13488.0,25.545454545454543,Highest relative burden
117.0,0117.00 - Winnipeg,342.0,23.0,201.0,103.0,15.0,0.067251461988304,0.5877192982456141,0.3011695906432748,0.043859649122807,,1065.0,1432.0,,,,0.0,,,,69000.0,,,
120.01,0120.01 - Winnipeg,86.0,0.0,33.0,43.0,10.0,0.0,0.3837209302325581,0.5,0.1162790697674418,,,,,,,,,,,95000.0,,,
120.03,0120.03 - Winnipeg,270.0,0.0,159.0,105.0,6.0,0.0,0.5888888888888889,0.3888888888888889,0.0222222222222222,,,,,,,,,,,72500.0,,,
120.04,0120.04 - Winnipeg,,,,,,,,,,,,,,,,,,,,91000.0,,,
120.05,0120.05 - Winnipeg,30.0,5.0,0.0,25.0,0.0,0.1666666666666666,0.0,0.8333333333333334,0.0,,,,,,,,,,,136000.0,,,
121.0,0121.00 - Winnipeg,47.0,0.0,19.0,28.0,0.0,0.0,0.4042553191489361,0.5957446808510638,0.0,,,1190.0,,1051.0,,,,,4.3,87000.0,12612.0,14.496551724137932,Lower relative burden
122.01,0122.01 - Winnipeg,45.0,1.0,22.0,18.0,4.0,0.0222222222222222,0.4888888888888889,0.4,0.0888888888888888,,,,,,,,,,,80000.0,,,
122.02,0122.02 - Winnipeg,72.0,0.0,18.0,36.0,18.0,0.0,0.25,0.5,0.25,,,,,,,,,,,93000.0,,,
123.0,0123.00 - Winnipeg,149.0,1.0,51.0,97.0,0.0,0.0067114093959731,0.3422818791946309,0.6510067114093959,0.0,,,,,,,,0.0,,0.0,78500.0,,,
130.01,0130.01 - Winnipeg,283.0,3.0,150.0,130.0,0.0,0.0106007067137809,0.5300353356890459,0.4593639575971731,0.0,,1010.0,1121.0,,1042.0,,1.9,0.0,,1.3,76000.0,12504.0,16.45263157894737,Moderate relative burden
130.02,0130.02 - Winnipeg,,0.0,617.0,541.0,29.0,,,,,,1058.0,1105.0,,1085.0,,0.4,1.6,,0.9,65000.0,13020.0,20.03076923076923,Higher relative burden
131.0,0131.00 - Winnipeg,97.0,0.0,30.0,64.0,3.0,0.0,0.3092783505154639,0.6597938144329897,0.0309278350515463,,,1111.0,,1027.0,,,,,,65500.0,12324.0,18.81526717557252,Moderate relative burden
132.0,0132.00 - Winnipeg,168.0,2.0,134.0,32.0,0.0,0.0119047619047619,0.7976190476190477,0.1904761904761904,0.0,,,,,,,,,,,87000.0,,,
133.0,0133.00 - Winnipeg,217.0,4.0,89.0,123.0,1.0,0.0184331797235023,0.4101382488479262,0.5668202764976958,0.0046082949308755,,,,,,,,,,,77500.0,,,
134.0,0134.00 - Winnipeg,683.0,48.0,421.0,211.0,3.0,0.0702781844802342,0.616398243045388,0.3089311859443631,0.0043923865300146,802.0,988.0,1307.0,,1084.0,,0.7,0.4,,0.6,75000.0,13008.0,17.344,Moderate relative burden
140.01,0140.01 - Winnipeg,376.0,0.0,90.0,199.0,87.0,0.0,0.2393617021276596,0.5292553191489362,0.2313829787234042,,,,,,,,,,,83000.0,,,
140.02,0140.02 - Winnipeg,89.0,0.0,25.0,48.0,16.0,0.0,0.2808988764044944,0.5393258426966292,0.1797752808988764,,,,,,,,,,,110000.0,,,
140.04,0140.04 - Winnipeg,,16.0,331.0,928.0,126.0,,,,,1139.0,1381.0,1669.0,1784.0,1599.0,0.0,0.3,0.4,0.0,0.4,95000.0,19188.0,20.197894736842105,Higher relative burden
140.05,0140.05 - Winnipeg,515.0,0.0,97.0,378.0,40.0,0.0,0.1883495145631068,0.7339805825242719,0.0776699029126213,,1352.0,1594.0,1835.0,1564.0,,0.0,0.4,0.0,0.3,101000.0,18768.0,18.58217821782178,Moderate relative burden
141.01,0141.01 - Winnipeg,885.0,34.0,398.0,383.0,70.0,0.0384180790960452,0.4497175141242938,0.4327683615819209,0.0790960451977401,,1419.0,1689.0,,1549.0,,1.1,0.0,,0.6,71500.0,18588.0,25.9972027972028,Highest relative burden
141.02,0141.02 - Winnipeg,805.0,25.0,488.0,290.0,2.0,0.031055900621118,0.6062111801242236,0.3602484472049689,0.0024844720496894,869.0,1081.0,1201.0,,1118.0,,0.5,0.3,,0.4,60400.0,13416.0,22.21192052980133,Higher relative burden
142.01,0142.01 - Winnipeg,388.0,4.0,218.0,166.0,0.0,0.0103092783505154,0.5618556701030928,0.4278350515463917,0.0,,1001.0,1276.0,,1118.0,,,,,,72500.0,13416.0,18.504827586206897,Moderate relative burden
142.02,0142.02 - Winnipeg,,,,,,,,,,,,,,,,,,,,114000.0,,,
142.03,0142.03 - Winnipeg,,43.0,,920.0,69.0,,,,,843.0,1280.0,1529.0,1653.0,1373.0,,0.2,1.0,,0.7,51200.0,16476.0,32.1796875,Highest relative burden
142.04,0142.04 - Winnipeg,,,,,,,,,,,,,,,,,,,,85000.0,,,
150.01,0150.01 - Winnipeg,48.0,0.0,0.0,48.0,0.0,0.0,0.0,1.0,0.0,,,,,,,,,,,129000.0,,,
150.02,0150.02 - Winnipeg,,,,,,,,,,,,,,,,,,,,155000.0,,,
160.0,0160.00 - Winnipeg,6.0,0.0,6.0,0.0,0.0,0.0,1.0,0.0,0.0,,,,,,,,,,,107000.0,,,
161.01,0161.01 - Winnipeg,,,,,,,,,,,,,,,,,,,,55600.0,,,
161.02,0161.02 - Winnipeg,,,,,,,,,,,,,,,,,,,,80000.0,,,
500.01,0500.01 - Winnipeg,,2.0,508.0,593.0,76.0,,,,,,1132.0,1343.0,,1268.0,,,3.0,,2.5,65500.0,15216.0,23.23053435114504,Highest relative burden
500.02,0500.02 - Winnipeg,103.0,0.0,27.0,70.0,6.0,0.0,0.2621359223300971,0.6796116504854369,0.058252427184466,,,,,,,,,,,90000.0,,,
500.04,0500.04 - Winnipeg,568.0,8.0,224.0,324.0,12.0,0.0140845070422535,0.3943661971830985,0.5704225352112676,0.0211267605633802,,1133.0,1222.0,,1181.0,,2.1,1.2,,1.7,68000.0,14172.0,20.841176470588238,Higher relative burden
500.07,0500.07 - Winnipeg,,,,,,,,,,,,,,,,,,,,116000.0,,,
500.08,0500.08 - Winnipeg,84.0,0.0,16.0,65.0,3.0,0.0,0.1904761904761904,0.7738095238095238,0.0357142857142857,,,,,,,,,,,139000.0,,,
500.09,0500.09 - Winnipeg,,,,,,,,,,,,,,,,,,,,131000.0,,,
500.1,0500.10 - Winnipeg,330.0,0.0,183.0,147.0,0.0,0.0,0.5545454545454546,0.4454545454545454,0.0,,,,,,,,,,,87000.0,,,
500.11,0500.11 - Winnipeg,336.0,0.0,55.0,269.0,12.0,0.0,0.1636904761904762,0.8005952380952381,0.0357142857142857,,1404.0,1699.0,,1663.0,,0.0,0.3,,0.3,108000.0,19956.0,18.477777777777774,Moderate relative burden
500.12,0500.12 - Winnipeg,478.0,0.0,65.0,363.0,50.0,0.0,0.1359832635983263,0.7594142259414226,0.104602510460251,,,,,,,,,,,107000.0,,,
500.13,0500.13 - Winnipeg,805.0,0.0,296.0,422.0,87.0,0.0,0.3677018633540372,0.5242236024844721,0.1080745341614906,,1514.0,1762.0,2035.0,1698.0,,,0.6,,1.8,103000.0,20376.0,19.782524271844657,Higher relative burden
501.01,0501.01 - Winnipeg,,51.0,626.0,950.0,68.0,,,,,877.0,1159.0,1297.0,,1244.0,,1.8,1.6,,1.6,52000.0,14928.0,28.707692307692305,Highest relative burden
501.02,0501.02 - Winnipeg,478.0,0.0,118.0,284.0,76.0,0.0,0.2468619246861924,0.5941422594142259,0.1589958158995816,,1375.0,1585.0,1796.0,1561.0,,,,,,88000.0,18732.0,21.286363636363635,Higher relative burden
501.03,0501.03 - Winnipeg,,26.0,775.0,953.0,50.0,,,,,936.0,1410.0,1419.0,,1421.0,,0.8,1.7,,1.2,59200.0,17052.0,28.804054054054053,Highest relative burden
502.0,0502.00 - Winnipeg,,,,,,,,,,,,,,,,,,,,93000.0,,,
503.0,0503.00 - Winnipeg,39.0,8.0,21.0,10.0,0.0,0.2051282051282051,0.5384615384615384,0.2564102564102564,0.0,,,,,,,,,,,106000.0,,,
510.02,0510.02 - Winnipeg,,,,,,,,,,,,,,,,,,,,141000.0,,,
510.03,0510.03 - Winnipeg,,12.0,553.0,930.0,98.0,,,,,,1561.0,2136.0,2473.0,1927.0,,0.5,0.1,2.9,0.5,78500.0,23124.0,29.457324840764333,Highest relative burden
510.06,0510.06 - Winnipeg,,,,,,,,,,,,,,,,,,,,151000.0,,,
520.02,0520.02 - Winnipeg,83.0,0.0,41.0,42.0,0.0,0.0,0.4939759036144578,0.5060240963855421,0.0,,,,,,,,,,,125000.0,,,
520.03,0520.03 - Winnipeg,284.0,0.0,142.0,132.0,10.0,0.0,0.5,0.4647887323943662,0.0352112676056338,,,,,,,,,,,96000.0,,,
520.04,0520.04 - Winnipeg,60.0,0.0,3.0,57.0,0.0,0.0,0.05,0.95,0.0,,,,,,,,,,,138000.0,,,
520.05,0520.05 - Winnipeg,,,,,,,,,,,,,,,,,,,,159000.0,,,
521.01,0521.01 - Winnipeg,60.0,0.0,28.0,32.0,0.0,0.0,0.4666666666666667,0.5333333333333333,0.0,,,,,,,,,,,114000.0,,,
521.02,0521.02 - Winnipeg,,,,,,,,,,,,,,,,,,,,97000.0,,,
522.01,0522.01 - Winnipeg,253.0,27.0,138.0,88.0,0.0,0.1067193675889328,0.5454545454545454,0.3478260869565217,0.0,,,,,,,,,,,90000.0,,,
522.02,0522.02 - Winnipeg,58.0,12.0,34.0,12.0,0.0,0.2068965517241379,0.5862068965517241,0.2068965517241379,0.0,,,,,,,,,,,112000.0,,,
530.0,0530.00 - Winnipeg,387.0,34.0,189.0,159.0,5.0,0.0878552971576227,0.4883720930232558,0.4108527131782946,0.0129198966408268,,1144.0,,,1251.0,,0.0,,,0.6,71500.0,15012.0,20.9958041958042,Higher relative burden
531.0,0531.00 - Winnipeg,414.0,57.0,168.0,188.0,1.0,0.1376811594202898,0.4057971014492754,0.4541062801932367,0.002415458937198,,,,,,,,,,,73000.0,,,
532.0,0532.00 - Winnipeg,38.0,6.0,24.0,6.0,2.0,0.1578947368421052,0.631578947368421,0.1578947368421052,0.0526315789473684,,,,,,,,,,,84000.0,,,
533.0,0533.00 - Winnipeg,292.0,89.0,157.0,46.0,0.0,0.3047945205479452,0.5376712328767124,0.1575342465753424,0.0,,1117.0,,,,,,,,,90000.0,,,
534.0,0534.00 - Winnipeg,,54.0,397.0,698.0,8.0,,,,,828.0,1078.0,1273.0,,1196.0,,2.5,1.7,,1.9,71000.0,14352.0,20.21408450704225,Higher relative burden
535.0,0535.00 - Winnipeg,29.0,1.0,14.0,14.0,0.0,0.0344827586206896,0.4827586206896552,0.4827586206896552,0.0,,,,,,,,,,,86000.0,,,
536.0,0536.00 - Winnipeg,,79.0,659.0,665.0,69.0,,,,,,1134.0,1376.0,1745.0,1270.0,,1.6,3.7,,2.8,73000.0,15240.0,20.876712328767123,Higher relative burden
537.01,0537.01 - Winnipeg,405.0,14.0,112.0,256.0,23.0,0.0345679012345679,0.2765432098765432,0.6320987654320988,0.0567901234567901,,,,,,,,,,,74500.0,,,
537.02,0537.02 - Winnipeg,,,,,,,,,,,,,,,,,,,,114000.0,,,
537.03,0537.03 - Winnipeg,140.0,0.0,93.0,47.0,0.0,0.0,0.6642857142857143,0.3357142857142857,0.0,,,,,,,,,,,94000.0,,,
538.0,0538.00 - Winnipeg,96.0,0.0,36.0,60.0,0.0,0.0,0.375,0.625,0.0,,,,,1097.0,,,,,26.0,90000.0,13164.0,14.626666666666663,Lower relative burden
539.01,0539.01 - Winnipeg,,,,,,,,,,,,,,,,,,,,94000.0,,,
539.02,0539.02 - Winnipeg,574.0,21.0,220.0,293.0,40.0,0.0365853658536585,0.3832752613240418,0.5104529616724739,0.0696864111498257,868.0,1018.0,1211.0,,1125.0,0.0,0.7,0.4,,0.5,74500.0,13500.0,18.12080536912752,Moderate relative burden
540.01,0540.01 - Winnipeg,,,,,,,,,,,,,,,,,,,,105000.0,,,
540.02,0540.02 - Winnipeg,317.0,2.0,176.0,139.0,0.0,0.0063091482649842,0.555205047318612,0.4384858044164038,0.0,,1050.0,1252.0,,1135.0,,0.0,1.0,,0.4,79000.0,13620.0,17.240506329113924,Moderate relative burden
540.03,0540.03 - Winnipeg,,17.0,377.0,547.0,67.0,,,,,,1143.0,1437.0,1678.0,1332.0,,0.3,0.8,0.0,0.6,70500.0,15984.0,22.672340425531917,Highest relative burden
540.04,0540.04 - Winnipeg,312.0,6.0,171.0,135.0,0.0,0.0192307692307692,0.5480769230769231,0.4326923076923077,0.0,,,,,,,,,,,74000.0,,,
541.0,0541.00 - Winnipeg,,,,,,,,,,,,,,,,,,,,,,,
542.0,0542.00 - Winnipeg,,,,,,,,,,,,,,,,,,,,75500.0,,,
550.0,0550.00 - Winnipeg,51.0,3.0,29.0,19.0,0.0,0.0588235294117647,0.5686274509803921,0.3725490196078431,0.0,,,,,,,,,,,90000.0,,,
551.0,0551.00 - Winnipeg,265.0,4.0,159.0,99.0,3.0,0.0150943396226415,0.6,0.3735849056603773,0.0113207547169811,,936.0,1013.0,,955.0,,0.0,,,,77000.0,11460.0,14.883116883116884,Lower relative burden
552.01,0552.01 - Winnipeg,364.0,0.0,130.0,158.0,76.0,0.0,0.3571428571428571,0.4340659340659341,0.2087912087912088,,,,,,,,0.6,,0.5,91000.0,,,
552.02,0552.02 - Winnipeg,403.0,32.0,140.0,221.0,10.0,0.0794044665012407,0.347394540942928,0.5483870967741935,0.0248138957816377,,,,,,,,,,,72000.0,,,
553.0,0553.00 - Winnipeg,954.0,4.0,557.0,391.0,2.0,0.0041928721174004,0.5838574423480084,0.4098532494758909,0.0020964360587002,,1005.0,1160.0,,1062.0,,1.1,1.1,,1.1,61200.0,12744.0,20.823529411764703,Higher relative burden
560.01,0560.01 - Winnipeg,73.0,0.0,7.0,41.0,25.0,0.0,0.0958904109589041,0.5616438356164384,0.3424657534246575,,,,,,,,,,,106000.0,,,
560.04,0560.04 - Winnipeg,365.0,0.0,176.0,145.0,44.0,0.0,0.4821917808219178,0.3972602739726027,0.1205479452054794,,,,,,,,,,,91000.0,,,
560.05,0560.05 - Winnipeg,139.0,1.0,71.0,63.0,4.0,0.0071942446043165,0.5107913669064749,0.4532374100719424,0.0287769784172661,,,,,,,,,,,75500.0,,,
560.08,0560.08 - Winnipeg,,,,,,,,,,,,,,,,,,,,138000.0,,,
560.09,0560.09 - Winnipeg,270.0,0.0,87.0,162.0,21.0,0.0,0.3222222222222222,0.6,0.0777777777777777,,,,,,,,,,,116000.0,,,
560.1,0560.10 - Winnipeg,,0.0,189.0,821.0,59.0,,,,,,1403.0,1630.0,2097.0,1615.0,,0.7,0.6,,1.0,94000.0,19380.0,20.617021276595747,Higher relative burden
560.11,0560.11 - Winnipeg,353.0,0.0,96.0,214.0,43.0,0.0,0.2719546742209632,0.6062322946175638,0.121813031161473,,1476.0,1647.0,1840.0,1624.0,,1.0,1.4,0.0,1.1,102000.0,19488.0,19.105882352941176,Moderate relative burden
560.12,0560.12 - Winnipeg,171.0,0.0,68.0,82.0,21.0,0.0,0.3976608187134502,0.47953216374269,0.1228070175438596,,,,,,,,,,,118000.0,,,
560.13,0560.13 - Winnipeg,305.0,0.0,0.0,305.0,0.0,0.0,0.0,1.0,0.0,,,1578.0,,1578.0,,,0.0,,0.0,98000.0,18936.0,19.32244897959184,Higher relative burden
560.14,0560.14 - Winnipeg,213.0,0.0,42.0,169.0,2.0,0.0,0.1971830985915492,0.7934272300469484,0.0093896713615023,,,,,,,,,,,67000.0,,,
560.15,0560.15 - Winnipeg,589.0,0.0,314.0,225.0,50.0,0.0,0.533106960950764,0.3820033955857385,0.0848896434634974,,,,,,,,,,,84000.0,,,
570.0,0570.00 - Winnipeg,54.0,0.0,12.0,24.0,18.0,0.0,0.2222222222222222,0.4444444444444444,0.3333333333333333,,,,,,,,,,,123000.0,,,
580.0,0580.00 - Winnipeg,,,,,,,,,,,,,,,,,,,,120000.0,,,
585.0,0585.00 - Winnipeg,,,,,,,,,,,,,,,,,,,,95000.0,,,
590.02,0590.02 - Winnipeg,12.0,0.0,0.0,8.0,4.0,0.0,0.0,0.6666666666666666,0.3333333333333333,,,,,,,,,,,103000.0,,,
590.03,0590.03 - Winnipeg,43.0,8.0,2.0,16.0,17.0,0.1860465116279069,0.0465116279069767,0.3720930232558139,0.3953488372093023,,,,,,,,,,,126000.0,,,
590.04,0590.04 - Winnipeg,,,,,,,,,,,,,,,,,,,,100000.0,,,
595.01,0595.01 - Winnipeg,102.0,0.0,0.0,30.0,72.0,0.0,0.0,0.2941176470588235,0.7058823529411765,,,,,,,,,,,106000.0,,,
595.02,0595.02 - Winnipeg,,,,,,,,,,,,,,,,,,,,114000.0,,,
600.0,0600.00 - Winnipeg,,,,,,,,,,,,,,,,,,,,109000.0,,,
700.0,0700.00 - Winnipeg,46.0,0.0,0.0,46.0,0.0,0.0,0.0,1.0,0.0,,,,,,,,,,,135000.0,,,
800.0,0800.00 - Winnipeg,64.0,1.0,15.0,36.0,12.0,0.015625,0.234375,0.5625,0.1875,,994.0,999.0,,1068.0,,0.0,,,,102000.0,12816.0,12.56470588235294,Lower relative burden
