ct_id,geo,statcan_dguid,median_household_income_2020
0001.00,0001.00 - Winnipeg,2021S05076020001.00,84000.0
0002.00,0002.00 - Winnipeg,2021S05076020002.00,73500.0
0003.00,0003.00 - Winnipeg,2021S05076020003.00,68500.0
0004.01,0004.01 - Winnipeg,2021S05076020004.01,74000.0
0004.02,0004.02 - Winnipeg,2021S05076020004.02,57600.0
0005.00,0005.00 - Winnipeg,2021S05076020005.00,127000.0
0006.00,0006.00 - Winnipeg,2021S05076020006.00,69000.0
0007.00,0007.00 - Winnipeg,2021S05076020007.00,88000.0
0008.00,0008.00 - Winnipeg,2021S05076020008.00,137000.0
0009.00,0009.00 - Winnipeg,2021S05076020009.00,126000.0
0010.00,0010.00 - Winnipeg,2021S05076020010.00,103000.0
0011.00,0011.00 - Winnipeg,2021S05076020011.00,67500.0
0012.00,0012.00 - Winnipeg,2021S05076020012.00,49600.0
0013.00,0013.00 - Winnipeg,2021S05076020013.00,50400.0
0014.00,0014.00 - Winnipeg,2021S05076020014.00,47200.0
0015.00,0015.00 - Winnipeg,2021S05076020015.00,37600.0
0016.00,0016.00 - Winnipeg,2021S05076020016.00,55600.0
0017.00,0017.00 - Winnipeg,2021S05076020017.00,76000.0
0018.00,0018.00 - Winnipeg,2021S05076020018.00,81000.0
0019.00,0019.00 - Winnipeg,2021S05076020019.00,78000.0
0020.00,0020.00 - Winnipeg,2021S05076020020.00,79500.0
0021.00,0021.00 - Winnipeg,2021S05076020021.00,63200.0
0022.00,0022.00 - Winnipeg,2021S05076020022.00,37600.0
0023.00,0023.00 - Winnipeg,2021S05076020023.00,39600.0
0024.00,0024.00 - Winnipeg,2021S05076020024.00,75000.0
0025.00,0025.00 - Winnipeg,2021S05076020025.00,45600.0
0026.00,0026.00 - Winnipeg,2021S05076020026.00,40400.0
0027.00,0027.00 - Winnipeg,2021S05076020027.00,57200.0
0028.00,0028.00 - Winnipeg,2021S05076020028.00,55200.0
0029.00,0029.00 - Winnipeg,2021S05076020029.00,74500.0
0030.00,0030.00 - Winnipeg,2021S05076020030.00,83000.0
0031.00,0031.00 - Winnipeg,2021S05076020031.00,78500.0
0032.00,0032.00 - Winnipeg,2021S05076020032.00,66500.0
0033.00,0033.00 - Winnipeg,2021S05076020033.00,65000.0
0034.00,0034.00 - Winnipeg,2021S05076020034.00,39600.0
0035.00,0035.00 - Winnipeg,2021S05076020035.00,49200.0
0036.00,0036.00 - Winnipeg,2021S05076020036.00,38400.0
0037.00,0037.00 - Winnipeg,2021S05076020037.00,74000.0
0038.00,0038.00 - Winnipeg,2021S05076020038.00,57600.0
0039.00,0039.00 - Winnipeg,2021S05076020039.00,61200.0
0040.00,0040.00 - Winnipeg,2021S05076020040.00,83000.0
0041.00,0041.00 - Winnipeg,2021S05076020041.00,73000.0
0042.00,0042.00 - Winnipeg,2021S05076020042.00,51600.0
0043.00,0043.00 - Winnipeg,2021S05076020043.00,46400.0
0044.00,0044.00 - Winnipeg,2021S05076020044.00,62000.0
0045.00,0045.00 - Winnipeg,2021S05076020045.00,62400.0
0046.00,0046.00 - Winnipeg,2021S05076020046.00,62000.0
0047.00,0047.00 - Winnipeg,2021S05076020047.00,74000.0
0048.00,0048.00 - Winnipeg,2021S05076020048.00,82000.0
0049.00,0049.00 - Winnipeg,2021S05076020049.00,94000.0
0050.01,0050.01 - Winnipeg,2021S05076020050.01,60800.0
0050.02,0050.02 - Winnipeg,2021S05076020050.02,87000.0
0051.01,0051.01 - Winnipeg,2021S05076020051.01,111000.0
0051.02,0051.02 - Winnipeg,2021S05076020051.02,110000.0
0051.03,0051.03 - Winnipeg,2021S05076020051.03,93000.0
0052.00,0052.00 - Winnipeg,2021S05076020052.00,
0100.01,0100.01 - Winnipeg,2021S05076020100.01,125000.0
0100.02,0100.02 - Winnipeg,2021S05076020100.02,144000.0
0100.05,0100.05 - Winnipeg,2021S05076020100.05,90000.0
0100.06,0100.06 - Winnipeg,2021S05076020100.06,86000.0
0100.07,0100.07 - Winnipeg,2021S05076020100.07,80000.0
0100.09,0100.09 - Winnipeg,2021S05076020100.09,133000.0
0100.10,0100.10 - Winnipeg,2021S05076020100.10,105000.0
0101.01,0101.01 - Winnipeg,2021S05076020101.01,91000.0
0101.02,0101.02 - Winnipeg,2021S05076020101.02,109000.0
0102.01,0102.01 - Winnipeg,2021S05076020102.01,79500.0
0102.02,0102.02 - Winnipeg,2021S05076020102.02,63200.0
0102.03,0102.03 - Winnipeg,2021S05076020102.03,60400.0
0102.04,0102.04 - Winnipeg,2021S05076020102.04,50800.0
0103.00,0103.00 - Winnipeg,2021S05076020103.00,92000.0
0104.00,0104.00 - Winnipeg,2021S05076020104.00,63600.0
0105.00,0105.00 - Winnipeg,2021S05076020105.00,81000.0
0110.01,0110.01 - Winnipeg,2021S05076020110.01,88000.0
0110.02,0110.02 - Winnipeg,2021S05076020110.02,101000.0
0110.04,0110.04 - Winnipeg,2021S05076020110.04,113000.0
0110.06,0110.06 - Winnipeg,2021S05076020110.06,124000.0
0110.08,0110.08 - Winnipeg,2021S05076020110.08,126000.0
0110.09,0110.09 - Winnipeg,2021S05076020110.09,140000.0
0111.00,0111.00 - Winnipeg,2021S05076020111.00,94000.0
0112.01,0112.01 - Winnipeg,2021S05076020112.01,86000.0
0112.02,0112.02 - Winnipeg,2021S05076020112.02,80000.0
0113.00,0113.00 - Winnipeg,2021S05076020113.00,72500.0
0114.00,0114.00 - Winnipeg,2021S05076020114.00,63200.0
0115.00,0115.00 - Winnipeg,2021S05076020115.00,93000.0
0116.00,0116.00 - Winnipeg,2021S05076020116.00,52800.0
0117.00,0117.00 - Winnipeg,2021S05076020117.00,69000.0
0120.01,0120.01 - Winnipeg,2021S05076020120.01,95000.0
0120.03,0120.03 - Winnipeg,2021S05076020120.03,72500.0
0120.04,0120.04 - Winnipeg,2021S05076020120.04,91000.0
0120.05,0120.05 - Winnipeg,2021S05076020120.05,136000.0
0121.00,0121.00 - Winnipeg,2021S05076020121.00,87000.0
0122.01,0122.01 - Winnipeg,2021S05076020122.01,80000.0
0122.02,0122.02 - Winnipeg,2021S05076020122.02,93000.0
0123.00,0123.00 - Winnipeg,2021S05076020123.00,78500.0
0130.01,0130.01 - Winnipeg,2021S05076020130.01,76000.0
0130.02,0130.02 - Winnipeg,2021S05076020130.02,65000.0
0131.00,0131.00 - Winnipeg,2021S05076020131.00,65500.0
0132.00,0132.00 - Winnipeg,2021S05076020132.00,87000.0
0133.00,0133.00 - Winnipeg,2021S05076020133.00,77500.0
0134.00,0134.00 - Winnipeg,2021S05076020134.00,75000.0
0140.01,0140.01 - Winnipeg,2021S05076020140.01,83000.0
0140.02,0140.02 - Winnipeg,2021S05076020140.02,110000.0
0140.04,0140.04 - Winnipeg,2021S05076020140.04,95000.0
0140.05,0140.05 - Winnipeg,2021S05076020140.05,101000.0
0141.01,0141.01 - Winnipeg,2021S05076020141.01,71500.0
0141.02,0141.02 - Winnipeg,2021S05076020141.02,60400.0
0142.01,0142.01 - Winnipeg,2021S05076020142.01,72500.0
0142.02,0142.02 - Winnipeg,2021S05076020142.02,114000.0
0142.03,0142.03 - Winnipeg,2021S05076020142.03,51200.0
0142.04,0142.04 - Winnipeg,2021S05076020142.04,85000.0
0150.01,0150.01 - Winnipeg,2021S05076020150.01,129000.0
0150.02,0150.02 - Winnipeg,2021S05076020150.02,155000.0
0160.00,0160.00 - Winnipeg,2021S05076020160.00,107000.0
0161.01,0161.01 - Winnipeg,2021S05076020161.01,55600.0
0161.02,0161.02 - Winnipeg,2021S05076020161.02,80000.0
0500.01,0500.01 - Winnipeg,2021S05076020500.01,65500.0
0500.02,0500.02 - Winnipeg,2021S05076020500.02,90000.0
0500.04,0500.04 - Winnipeg,2021S05076020500.04,68000.0
0500.07,0500.07 - Winnipeg,2021S05076020500.07,116000.0
0500.08,0500.08 - Winnipeg,2021S05076020500.08,139000.0
0500.09,0500.09 - Winnipeg,2021S05076020500.09,131000.0
0500.10,0500.10 - Winnipeg,2021S05076020500.10,87000.0
0500.11,0500.11 - Winnipeg,2021S05076020500.11,108000.0
0500.12,0500.12 - Winnipeg,2021S05076020500.12,107000.0
0500.13,0500.13 - Winnipeg,2021S05076020500.13,103000.0
0501.01,0501.01 - Winnipeg,2021S05076020501.01,52000.0
0501.02,0501.02 - Winnipeg,2021S05076020501.02,88000.0
0501.03,0501.03 - Winnipeg,2021S05076020501.03,59200.0
0502.00,0502.00 - Winnipeg,2021S05076020502.00,93000.0
0503.00,0503.00 - Winnipeg,2021S05076020503.00,106000.0
0510.02,0510.02 - Winnipeg,2021S05076020510.02,141000.0
0510.03,0510.03 - Winnipeg,2021S05076020510.03,78500.0
0510.06,0510.06 - Winnipeg,2021S05076020510.06,151000.0
0520.02,0520.02 - Winnipeg,2021S05076020520.02,125000.0
0520.03,0520.03 - Winnipeg,2021S05076020520.03,96000.0
0520.04,0520.04 - Winnipeg,2021S05076020520.04,138000.0
0520.05,0520.05 - Winnipeg,2021S05076020520.05,159000.0
0521.01,0521.01 - Winnipeg,2021S05076020521.01,114000.0
0521.02,0521.02 - Winnipeg,2021S05076020521.02,97000.0
0522.01,0522.01 - Winnipeg,2021S05076020522.01,90000.0
0522.02,0522.02 - Winnipeg,2021S05076020522.02,112000.0
0530.00,0530.00 - Winnipeg,2021S05076020530.00,71500.0
0531.00,0531.00 - Winnipeg,2021S05076020531.00,73000.0
0532.00,0532.00 - Winnipeg,2021S05076020532.00,84000.0
0533.00,0533.00 - Winnipeg,2021S05076020533.00,90000.0
0534.00,0534.00 - Winnipeg,2021S05076020534.00,71000.0
0535.00,0535.00 - Winnipeg,2021S05076020535.00,86000.0
0536.00,0536.00 - Winnipeg,2021S05076020536.00,73000.0
0537.01,0537.01 - Winnipeg,2021S05076020537.01,74500.0
0537.02,0537.02 - Winnipeg,2021S05076020537.02,114000.0
0537.03,0537.03 - Winnipeg,2021S05076020537.03,94000.0
0538.00,0538.00 - Winnipeg,2021S05076020538.00,90000.0
0539.01,0539.01 - Winnipeg,2021S05076020539.01,94000.0
0539.02,0539.02 - Winnipeg,2021S05076020539.02,74500.0
0540.01,0540.01 - Winnipeg,2021S05076020540.01,105000.0
0540.02,0540.02 - Winnipeg,2021S05076020540.02,79000.0
0540.03,0540.03 - Winnipeg,2021S05076020540.03,70500.0
0540.04,0540.04 - Winnipeg,2021S05076020540.04,74000.0
0541.00,0541.00 - Winnipeg,2021S05076020541.00,
0542.00,0542.00 - Winnipeg,2021S05076020542.00,75500.0
0550.00,0550.00 - Winnipeg,2021S05076020550.00,90000.0
0551.00,0551.00 - Winnipeg,2021S05076020551.00,77000.0
0552.01,0552.01 - Winnipeg,2021S05076020552.01,91000.0
0552.02,0552.02 - Winnipeg,2021S05076020552.02,72000.0
0553.00,0553.00 - Winnipeg,2021S05076020553.00,61200.0
0560.01,0560.01 - Winnipeg,2021S05076020560.01,106000.0
0560.04,0560.04 - Winnipeg,2021S05076020560.04,91000.0
0560.05,0560.05 - Winnipeg,2021S05076020560.05,75500.0
0560.08,0560.08 - Winnipeg,2021S05076020560.08,138000.0
0560.09,0560.09 - Winnipeg,2021S05076020560.09,116000.0
0560.10,0560.10 - Winnipeg,2021S05076020560.10,94000.0
0560.11,0560.11 - Winnipeg,2021S05076020560.11,102000.0
0560.12,0560.12 - Winnipeg,2021S05076020560.12,118000.0
0560.13,0560.13 - Winnipeg,2021S05076020560.13,98000.0
0560.14,0560.14 - Winnipeg,2021S05076020560.14,67000.0
0560.15,0560.15 - Winnipeg,2021S05076020560.15,84000.0
0570.00,0570.00 - Winnipeg,2021S05076020570.00,123000.0
0580.00,0580.00 - Winnipeg,2021S05076020580.00,120000.0
0585.00,0585.00 - Winnipeg,2021S05076020585.00,95000.0
0590.02,0590.02 - Winnipeg,2021S05076020590.02,103000.0
0590.03,0590.03 - Winnipeg,2021S05076020590.03,126000.0
0590.04,0590.04 - Winnipeg,2021S05076020590.04,100000.0
0595.01,0595.01 - Winnipeg,2021S05076020595.01,106000.0
0595.02,0595.02 - Winnipeg,2021S05076020595.02,114000.0
0600.00,0600.00 - Winnipeg,2021S05076020600.00,109000.0
0700.00,0700.00 - Winnipeg,2021S05076020700.00,135000.0
0800.00,0800.00 - Winnipeg,2021S05076020800.00,102000.0
